species,region,cell_type,hemilineage,known_np,known_np_source,known_np_evidence,known_np_confidence
adult_drosophila_melanogaster,midbrain,APDN3,SLPpl1,"Dh44, allatostatin-c","Reinhard et al., 2023",immuno,4
adult_drosophila_melanogaster,midbrain,AVLP594,putative_primary,natalisin,"Jiang et al., 2013",immuno,4
adult_drosophila_melanogaster,midbrain,AstA1,putative_primary,allatostatin-a,"Hergarden et al., 2012",transgenics,3
adult_drosophila_melanogaster,midbrain,CAPA,primary,capability,"Reinhard et al., 2023",immuno,4
adult_drosophila_melanogaster,midbrain,CB.FB1E1,DL1_dorsal,MIP,Janelia,EASI-FISH,2
adult_drosophila_melanogaster,midbrain,CB.FB1H0,DM6__prim,Nplp1,Janelia,EASI-FISH,2
adult_drosophila_melanogaster,midbrain,CB.FB2E10,DL1_dorsal,"MIP, tachykinin",Janelia,EASI-FISH,2
adult_drosophila_melanogaster,midbrain,CB.FB2E8,DL1_dorsal,"MIP, tachykinin",Janelia,EASI-FISH,2
adult_drosophila_melanogaster,midbrain,CB.FB2E9,DL1_dorsal,"MIP, tachykinin",Janelia,EASI-FISH,2
adult_drosophila_melanogaster,midbrain,CB.FB2G0,DM4_dorsal,space blanket,Janelia,EASI-FISH,2
adult_drosophila_melanogaster,midbrain,CB.FB2K0,CREa2_medial,"Dh44, proctolin","Chiang et al., 2011",MCFO,3
adult_drosophila_melanogaster,midbrain,CB.FB2K0,CREa1_dorsal,"Dh44, proctolin","Chiang et al., 2011",MCFO,3
adult_drosophila_melanogaster,midbrain,CB.FB2K1,CREa2_medial,"Dh44, proctolin","Chiang et al., 2011",MCFO,3
adult_drosophila_melanogaster,midbrain,CB.FB2K1,CREa1_dorsal,"Dh44, proctolin","Chiang et al., 2011",MCFO,3
adult_drosophila_melanogaster,midbrain,"CB.FB3,4A2",DM6_dorso_medial,myosupressin,Janelia,EASI-FISH,2
adult_drosophila_melanogaster,midbrain,"CB.FB3,4A21",DM6__prim,"allatostatin-c, Dh44, SIFamide",Janelia,EASI-FISH,2
adult_drosophila_melanogaster,midbrain,"CB.FB3,4A9",DM6__prim,space blanket,Janelia,EASI-FISH,2
adult_drosophila_melanogaster,midbrain,"CB.FB3,4D0",AOTUv4_ventral,tachykinin,Janelia,EASI-FISH,2
adult_drosophila_melanogaster,midbrain,"CB.FB3,4D3",AOTUv4_ventral,tachykinin,Janelia,EASI-FISH,2
adult_drosophila_melanogaster,midbrain,"CB.FB3,4I0",LALv1_dorsal,Nplp1,Janelia,EASI-FISH,2
adult_drosophila_melanogaster,midbrain,"CB.FB3,4I2",LALv1_dorsal,"Dh31, Nplp1",Janelia,EASI-FISH,2
adult_drosophila_melanogaster,midbrain,"CB.FB3,4I3",LALv1_dorsal,Nplp1,Janelia,EASI-FISH,2
adult_drosophila_melanogaster,midbrain,"CB.FB3,4I8",LALv1_dorsal,Dh31,Janelia,EASI-FISH,2
adult_drosophila_melanogaster,midbrain,"CB.FB3,4L1",EBa1,"Dh31, Nplp1",Janelia,EASI-FISH,2
adult_drosophila_melanogaster,midbrain,CB.FB5B0,DM6_dorso_medial,"Dh44, myosupressin",Janelia,EASI-FISH,2
adult_drosophila_melanogaster,midbrain,CB.FB5B0,DM6_dorso_medial,myosupressin,Janelia,EASI-FISH,2
adult_drosophila_melanogaster,midbrain,CB.FB5B1,DM6_dorso_medial,myosupressin,Janelia,EASI-FISH,2
adult_drosophila_melanogaster,midbrain,CB.FB5C0,SIPp1,neuropeptides-negative,Janelia,EASI-FISH,2
adult_drosophila_melanogaster,midbrain,CB.FB5D4,AOTUv4_ventral,tachykinin,Janelia,EASI-FISH,2
adult_drosophila_melanogaster,midbrain,CB.FB6B1,DM6_dorso_medial,"Dh44, myosupressin",Janelia,EASI-FISH,2
adult_drosophila_melanogaster,midbrain,CB.FB6E4,DL1_dorsal,"allatostatin-c, Nplp1",Janelia,EASI-FISH,2
adult_drosophila_melanogaster,midbrain,CB.FB6F0,putative_primary,proctolin,Janelia,EASI-FISH,2
adult_drosophila_melanogaster,midbrain,CB.FB7B0,DM6_dorso_medial,Nplp1,Janelia,EASI-FISH,2
adult_drosophila_melanogaster,midbrain,CB.FB7E2,DL1_dorsal,"Dh31, Nplp1",Janelia,EASI-FISH,2
adult_drosophila_melanogaster,midbrain,CB.FB8B0,DM6_dorso_medial,proctolin,Janelia,EASI-FISH,2
adult_drosophila_melanogaster,midbrain,CB.FB8B1,DM6_dorso_medial,proctolin,Janelia,EASI-FISH,2
adult_drosophila_melanogaster,midbrain,CB.FB8E0,DL1_dorsal,Nplp1,Janelia,EASI-FISH,2
adult_drosophila_melanogaster,midbrain,CB.FB8E1,DL1_dorsal,Nplp1,Janelia,EASI-FISH,2
adult_drosophila_melanogaster,midbrain,CB0060,LB5,allatostatin-a,Landayan et al. 2021,immuno,4
adult_drosophila_melanogaster,midbrain,CB0153,putative_primary,"CCAP, bursicon-negative","Dolan et al., 2017",transgenics,3
adult_drosophila_melanogaster,midbrain,CB0726,putative_primary,"corazonin, sNPF","Reinhard et al., 2023",immuno,4
adult_drosophila_melanogaster,midbrain,CB0878,TRdm,"hugin, sNPF","Carlsson et al., 2013",immuno,4
adult_drosophila_melanogaster,midbrain,CB0905,putative_primary,"corazonin, sNPF","Reinhard et al., 2023",immuno,4
adult_drosophila_melanogaster,midbrain,CB1215,SMPpv2_dorsal,Dh31,"Reinhard et al., 2021",immuno,4
adult_drosophila_melanogaster,midbrain,CB1215,SMPpv2_dorsal,"allatostatin-a, allatostatin-c, Dh44","Reinhard et al., 2023",scRNA-seq,1
adult_drosophila_melanogaster,optic_lobes,CB3853,NA,allatostatin-a,"Vitzthum et al., 1996",immuno,4
adult_drosophila_melanogaster,optic_lobes,CB3856,NA,allatostatin-a,"Vitzthum et al., 1996",immuno,4
adult_drosophila_melanogaster,midbrain,"CRZ01,CRZ02",putative_primary,"corazonin, sNPF","Kubrak et al., 2016",immuno,4
adult_drosophila_melanogaster,midbrain,DN1a,putative_primary,"CCHa1, Dh44","Reinhard et al., 2023",scRNA-seq,1
adult_drosophila_melanogaster,midbrain,DN1pA,putative_primary,CNMa,"Jin et al., 2021",immuno,4
adult_drosophila_melanogaster,midbrain,DN1pA,putative_primary,Dh31,"Goda et al., 2016",immuno,4
adult_drosophila_melanogaster,midbrain,DN1pA,putative_primary,allatostatin-c,"Diaz et al., 2019",immuno,4
adult_drosophila_melanogaster,midbrain,DN1pA,putative_primary,allatostatin-c,"Reinhard et al., 2023",immuno,4
adult_drosophila_melanogaster,midbrain,DN1pB,putative_primary,CNMa,"Jin et al., 2021",immuno,4
adult_drosophila_melanogaster,midbrain,DN1pB,putative_primary,Dh31,"Goda et al., 2016",immuno,4
adult_drosophila_melanogaster,midbrain,DNES2,putative_primary,Dh31,"Reinhard et al., 2023",immuno,4
adult_drosophila_melanogaster,midbrain,DNES3,putative_primary,Dh31,"Reinhard et al., 2023",immuno,4
adult_drosophila_melanogaster,midbrain,DNc01,putative_primary,SIFamide,Martelli et al. 2017,immuno,4
adult_drosophila_melanogaster,midbrain,DNc02,putative_primary,SIFamide,Martelli et al. 2017,immuno,4
adult_drosophila_melanogaster,midbrain,DNg22,putative_primary,FMRFa,"Song et al., 2023",immuno,4
adult_drosophila_melanogaster,midbrain,DNg26,MX0__prim,allatostatin-c,Janelia,MCFO,3
adult_drosophila_melanogaster,midbrain,DNg30,putative_primary,MIP,"Scheunemann et al., 2018",immuno,4
adult_drosophila_melanogaster,midbrain,DNg30,putative_primary,natalisin,"Jiang et al., 2013",immuno,4
adult_drosophila_melanogaster,midbrain,DNg68,MX12__prim,leucokinin,Zandawala,immuno,4
adult_drosophila_melanogaster,midbrain,DNg70,MX3,leucokinin,"Mollá-Albaladejo et al., 2024","scRNA-seq, unsure",0
adult_drosophila_melanogaster,midbrain,DNp27,NA,allatostatin-c,"Meiselman et al., 2022",immuno,4
adult_drosophila_melanogaster,midbrain,DNp27,NA,orcokinin,"Chen et al., 2015",immuno,4
adult_drosophila_melanogaster,midbrain,DNp27,NA,trissin,Brown et al. 2024,intersection,3
adult_drosophila_melanogaster,midbrain,DNp29,putative_primary,dNPF,"Chiang et al., 2011",MCFO,3
adult_drosophila_melanogaster,midbrain,DNp29,putative_primary,dNPF,Krashes et al. 2009,immuno,4
adult_drosophila_melanogaster,midbrain,DNp30,putative_primary,drosulfakinin,"Soderberg et al., 2012",immuno,4
adult_drosophila_melanogaster,midbrain,DNp32,putative_primary,myosuppressin,"Carlsson et al., 2010",immuno,4
adult_drosophila_melanogaster,midbrain,DNp62,putative_primary,drosulfakinin,"Soderberg et al., 2012",immuno,4
adult_drosophila_melanogaster,midbrain,DNpe048,SMPpv1,CCAP,"González Segarra et al., 2023",transgenics,3
adult_drosophila_melanogaster,midbrain,DPM,putative_primary,amnesiac,Waddell et al. 2000,immuno,4
adult_drosophila_melanogaster,midbrain,DSKMP3,putative_primary,drosulfakinin,"Soderberg et al., 2012",immuno,4
adult_drosophila_melanogaster,midbrain,DSKMP3,putative_primary,drosulfakinin,"Wu et al., 2019",immuno,4
adult_drosophila_melanogaster,midbrain,Delta7,PBp1,proctolin,Janelia,EASI-FISH,2
adult_drosophila_melanogaster,midbrain,EPG,DM2_CX_d2,space blanket,Janelia,EASI-FISH,2
adult_drosophila_melanogaster,midbrain,EPG,DM2_CX_d1,space blanket,Janelia,EASI-FISH,2
adult_drosophila_melanogaster,midbrain,EPG,DM3_CX_d2,space blanket,Janelia,EASI-FISH,2
adult_drosophila_melanogaster,midbrain,EPG,DM1_CX_d2,space blanket,Janelia,EASI-FISH,2
adult_drosophila_melanogaster,midbrain,EPG,DM4_CX_d1,space blanket,Janelia,EASI-FISH,2
adult_drosophila_melanogaster,midbrain,EPG,DM3_CX_d1,space blanket,Janelia,EASI-FISH,2
adult_drosophila_melanogaster,midbrain,EPG,DM4_CX_d2,space blanket,Janelia,EASI-FISH,2
adult_drosophila_melanogaster,midbrain,EPG,DM4_CX_d3,space blanket,Janelia,EASI-FISH,2
adult_drosophila_melanogaster,midbrain,EPG,DM2_CX_d2,space blanket,Turner-Evans et al. 2020,scRNA-seq,1
adult_drosophila_melanogaster,midbrain,EPG,DM2_CX_d1,space blanket,Turner-Evans et al. 2020,scRNA-seq,1
adult_drosophila_melanogaster,midbrain,EPG,DM3_CX_d2,space blanket,Turner-Evans et al. 2020,scRNA-seq,1
adult_drosophila_melanogaster,midbrain,EPG,DM1_CX_d2,space blanket,Turner-Evans et al. 2020,scRNA-seq,1
adult_drosophila_melanogaster,midbrain,EPG,DM4_CX_d1,space blanket,Turner-Evans et al. 2020,scRNA-seq,1
adult_drosophila_melanogaster,midbrain,EPG,DM3_CX_d1,space blanket,Turner-Evans et al. 2020,scRNA-seq,1
adult_drosophila_melanogaster,midbrain,EPG,DM4_CX_d2,space blanket,Turner-Evans et al. 2020,scRNA-seq,1
adult_drosophila_melanogaster,midbrain,EPG,DM4_CX_d3,space blanket,Turner-Evans et al. 2020,scRNA-seq,1
adult_drosophila_melanogaster,midbrain,EPGt,DM4_CX_d3,space blanket,Janelia,EASI-FISH,2
adult_drosophila_melanogaster,midbrain,EPGt,DM4_CX_d2,space blanket,Janelia,EASI-FISH,2
adult_drosophila_melanogaster,midbrain,ER5,EBa1,Dh31,Janelia,EASI-FISH,2
adult_drosophila_melanogaster,midbrain,ExR1,DM3__prim,neuropeptides-negative,Janelia,EASI-FISH,2
adult_drosophila_melanogaster,midbrain,ExR1,DM4__prim,neuropeptides-negative,Janelia,EASI-FISH,2
adult_drosophila_melanogaster,midbrain,ExR3,putative_primary,"negative, neuropeptides-negative",Janelia,EASI-FISH,2
adult_drosophila_melanogaster,midbrain,FR1,DM2_CX_d2,sNPF,Janelia,EASI-FISH,2
adult_drosophila_melanogaster,midbrain,FR1,DM3_CX_d1,sNPF,Janelia,EASI-FISH,2
adult_drosophila_melanogaster,midbrain,FR1,DM2_CX_d1,sNPF,Janelia,EASI-FISH,2
adult_drosophila_melanogaster,midbrain,FR1,DM4_CX_d2,sNPF,Janelia,EASI-FISH,2
adult_drosophila_melanogaster,midbrain,FR1,DM4_CX_d3,sNPF,Janelia,EASI-FISH,2
adult_drosophila_melanogaster,midbrain,FR1,DM4_CX_d1,sNPF,Janelia,EASI-FISH,2
adult_drosophila_melanogaster,midbrain,FR1,DM3_CX_d2,sNPF,Janelia,EASI-FISH,2
adult_drosophila_melanogaster,midbrain,FR1,DM1_CX_d2,sNPF,Janelia,EASI-FISH,2
adult_drosophila_melanogaster,midbrain,Hugin-RG,putative_primary,hugin,"Reinhard et al., 2023",immuno,4
adult_drosophila_melanogaster,midbrain,ISN,putative_primary,DILP3,"González Segarra et al., 2023",RNAi,2
adult_drosophila_melanogaster,midbrain,ITP,NA,"ITP, tachykinin, sNPF, leucokinin","Reinhard et al., 2023",immuno,4
adult_drosophila_melanogaster,midbrain,ITP,putative_primary,"ITP, tachykinin, sNPF, leucokinin","Reinhard et al., 2023",immuno,4
adult_drosophila_melanogaster,midbrain,KCab,MBp4,sNPF,Aso et al. 2019,scRNA-seq,1
adult_drosophila_melanogaster,midbrain,KCab,MBp1,sNPF,Aso et al. 2019,scRNA-seq,1
adult_drosophila_melanogaster,midbrain,KCab,MBp2,sNPF,Aso et al. 2019,scRNA-seq,1
adult_drosophila_melanogaster,midbrain,KCab,MBp3,sNPF,Aso et al. 2019,scRNA-seq,1
adult_drosophila_melanogaster,midbrain,KCab,MBp4,sNPF,Johard et al.,immuno,4
adult_drosophila_melanogaster,midbrain,KCab,MBp1,sNPF,Johard et al.,immuno,4
adult_drosophila_melanogaster,midbrain,KCab,MBp2,sNPF,Johard et al.,immuno,4
adult_drosophila_melanogaster,midbrain,KCab,MBp3,sNPF,Johard et al.,immuno,4
adult_drosophila_melanogaster,midbrain,KCg-d,MBp4,sNPF,Aso et al. 2019,scRNA-seq,1
adult_drosophila_melanogaster,midbrain,KCg-d,MBp1,sNPF,Aso et al. 2019,scRNA-seq,1
adult_drosophila_melanogaster,midbrain,KCg-d,MBp3,sNPF,Aso et al. 2019,scRNA-seq,1
adult_drosophila_melanogaster,midbrain,KCg-d,MBp2,sNPF,Aso et al. 2019,scRNA-seq,1
adult_drosophila_melanogaster,midbrain,KCg-d,MBp4,sNPF,"Johard et al., 2008",immuno,4
adult_drosophila_melanogaster,midbrain,KCg-d,MBp1,sNPF,"Johard et al., 2008",immuno,4
adult_drosophila_melanogaster,midbrain,KCg-d,MBp3,sNPF,"Johard et al., 2008",immuno,4
adult_drosophila_melanogaster,midbrain,KCg-d,MBp2,sNPF,"Johard et al., 2008",immuno,4
adult_drosophila_melanogaster,midbrain,KCg-m,MBp1,sNPF,Aso et al. 2019,scRNA-seq,1
adult_drosophila_melanogaster,midbrain,KCg-m,MBp4,sNPF,Aso et al. 2019,scRNA-seq,1
adult_drosophila_melanogaster,midbrain,KCg-m,MBp2,sNPF,Aso et al. 2019,scRNA-seq,1
adult_drosophila_melanogaster,midbrain,KCg-m,MBp3,sNPF,Aso et al. 2019,scRNA-seq,1
adult_drosophila_melanogaster,midbrain,KCg-m,MBp4,sNPF,"Aso et al., 2019",scRNA-seq,1
adult_drosophila_melanogaster,midbrain,KCg-m,MBp1,sNPF,"Johard et al., 2008",immuno,4
adult_drosophila_melanogaster,midbrain,KCg-m,MBp4,sNPF,"Johard et al., 2008",immuno,4
adult_drosophila_melanogaster,midbrain,KCg-m,MBp2,sNPF,"Johard et al., 2008",immuno,4
adult_drosophila_melanogaster,midbrain,KCg-m,MBp3,sNPF,"Johard et al., 2008",immuno,4
adult_drosophila_melanogaster,midbrain,KCg-s1,MBp4,sNPF,Aso et al. 2019,scRNA-seq,1
adult_drosophila_melanogaster,midbrain,KCg-s1,MBp4,sNPF,"Johard et al., 2008",immuno,4
adult_drosophila_melanogaster,midbrain,KCg-s2,MBp4,sNPF,Aso et al. 2019,scRNA-seq,1
adult_drosophila_melanogaster,midbrain,KCg-s2,MBp4,sNPF,"Johard et al., 2008",immuno,4
adult_drosophila_melanogaster,midbrain,KCg-s3,MBp1,sNPF,Aso et al. 2019,scRNA-seq,1
adult_drosophila_melanogaster,midbrain,KCg-s3,MBp1,sNPF,"Johard et al., 2008",immuno,4
adult_drosophila_melanogaster,midbrain,LCNOp,LALv1_dorsal,Nplp1,Janelia,EASI-FISH,2
adult_drosophila_melanogaster,midbrain,LHPV6q1,putative_primary,FMRFa,"Song et al., 2023",immuno,4
adult_drosophila_melanogaster,midbrain,LMTe01,SLPpl1,"Dh44, allatostatin-c","Reinhard et al., 2023",immuno,4
adult_drosophila_melanogaster,midbrain,LNd_a,putative_primary,ITP,"Hermann-Luibl et al., 2014",immuno,4
adult_drosophila_melanogaster,midbrain,LNd_a,putative_primary,"ITP, dNPF","Reinhard et al., 2023",scRNA-seq,1
adult_drosophila_melanogaster,midbrain,LNd_c,SLPav1_lateral,"dNPF, Dh44",Reinhard et al. 2023,immuno,4
adult_drosophila_melanogaster,midbrain,LTe71,SLPpl1,"Dh44, allatostatin-c","Reinhard et al., 2023",immuno,4
adult_drosophila_melanogaster,midbrain,MsAHN,NA,Dh44,"Benett et al.,",scRNA-seq,1
adult_drosophila_melanogaster,midbrain,MtAHN,NA,Dh44,"Benett et al.,",scRNA-seq,1
adult_drosophila_melanogaster,midbrain,NPFL1-I,putative_primary,dNPF,"Chiang et al., 2011",MCFO,3
adult_drosophila_melanogaster,midbrain,NPFL1-I,putative_primary,dNPF,Krashes et al. 2009,immuno,4
adult_drosophila_melanogaster,midbrain,ORN_DA1,NA,sNPF,"Carlsson et al., 2010",immuno,4
adult_drosophila_melanogaster,midbrain,ORN_DA1,NA,sNPF,Yasuyama et al. 1999,immuno,4
adult_drosophila_melanogaster,midbrain,ORN_DA2,NA,sNPF,"Carlsson et al., 2010",immuno,4
adult_drosophila_melanogaster,midbrain,ORN_DA2,NA,sNPF,Yasuyama et al. 1999,immuno,4
adult_drosophila_melanogaster,midbrain,ORN_DA4l,NA,sNPF,"Carlsson et al., 2010",immuno,4
adult_drosophila_melanogaster,midbrain,ORN_DA4l,NA,sNPF,Yasuyama et al. 1999,immuno,4
adult_drosophila_melanogaster,midbrain,ORN_DL3,NA,sNPF,"Carlsson et al., 2010",immuno,4
adult_drosophila_melanogaster,midbrain,ORN_DL3,NA,sNPF,Yasuyama et al. 1999,immuno,4
adult_drosophila_melanogaster,midbrain,ORN_DL4,NA,sNPF,"Carlsson et al., 2010",immuno,4
adult_drosophila_melanogaster,midbrain,ORN_DL4,NA,sNPF,Yasuyama et al. 1999,immuno,4
adult_drosophila_melanogaster,midbrain,ORN_DM2,NA,sNPF,"Carlsson et al., 2010",immuno,4
adult_drosophila_melanogaster,midbrain,ORN_DM2,NA,sNPF,Yasuyama et al. 1999,immuno,4
adult_drosophila_melanogaster,midbrain,ORN_VA1v,NA,sNPF,"Carlsson et al., 2010",immuno,4
adult_drosophila_melanogaster,midbrain,ORN_VA1v,NA,sNPF,Yasuyama et al. 1999,immuno,4
adult_drosophila_melanogaster,midbrain,ORN_VA4,NA,sNPF,"Carlsson et al., 2010",immuno,4
adult_drosophila_melanogaster,midbrain,ORN_VA4,NA,sNPF,Yasuyama et al. 1999,immuno,4
adult_drosophila_melanogaster,midbrain,ORN_VA6,NA,sNPF,"Carlsson et al., 2010",immuno,4
adult_drosophila_melanogaster,midbrain,ORN_VA6,NA,sNPF,Yasuyama et al. 1999,immuno,4
adult_drosophila_melanogaster,midbrain,ORN_VA7l,NA,sNPF,"Carlsson et al., 2010",immuno,4
adult_drosophila_melanogaster,midbrain,ORN_VA7l,NA,sNPF,Yasuyama et al. 1999,immuno,4
adult_drosophila_melanogaster,midbrain,ORN_VC1,NA,sNPF,"Carlsson et al., 2010",immuno,4
adult_drosophila_melanogaster,midbrain,ORN_VC1,NA,sNPF,Yasuyama et al. 1999,immuno,4
adult_drosophila_melanogaster,midbrain,ORN_VC2,NA,sNPF,"Carlsson et al., 2010",immuno,4
adult_drosophila_melanogaster,midbrain,ORN_VC2,NA,sNPF,Yasuyama et al. 1999,immuno,4
adult_drosophila_melanogaster,midbrain,ORN_VM7d,NA,sNPF,"Carlsson et al., 2010",immuno,4
adult_drosophila_melanogaster,midbrain,ORN_VM7d,NA,sNPF,Yasuyama et al. 1999,immuno,4
adult_drosophila_melanogaster,midbrain,ORN_VM7v,NA,sNPF,"Carlsson et al., 2010",immuno,4
adult_drosophila_melanogaster,midbrain,ORN_VM7v,NA,sNPF,Yasuyama et al. 1999,immuno,4
adult_drosophila_melanogaster,midbrain,PEG,DM2_CX_d1,space blanket,Janelia,EASI-FISH,2
adult_drosophila_melanogaster,midbrain,PEG,DM3_CX_d1,space blanket,Janelia,EASI-FISH,2
adult_drosophila_melanogaster,midbrain,PEG,DM1_CX_d2,space blanket,Janelia,EASI-FISH,2
adult_drosophila_melanogaster,midbrain,PEG,DM3_CX_d2,space blanket,Janelia,EASI-FISH,2
adult_drosophila_melanogaster,midbrain,PEG,DM4_CX_d1,space blanket,Janelia,EASI-FISH,2
adult_drosophila_melanogaster,midbrain,PEG,DM4_CX_d3,space blanket,Janelia,EASI-FISH,2
adult_drosophila_melanogaster,midbrain,PEG,DM4_CX_d2,space blanket,Janelia,EASI-FISH,2
adult_drosophila_melanogaster,midbrain,PEG,DM2_CX_d2,space blanket,Janelia,EASI-FISH,2
adult_drosophila_melanogaster,midbrain,PEN_a(PEN1),DM1_CX_p,"Dh44, FMRFa",Janelia,EASI-FISH,2
adult_drosophila_melanogaster,midbrain,PEN_a(PEN1),DM3_CX_v,"Dh44, FMRFa",Janelia,EASI-FISH,2
adult_drosophila_melanogaster,midbrain,PEN_a(PEN1),DM4_CX_v,"Dh44, FMRFa",Janelia,EASI-FISH,2
adult_drosophila_melanogaster,midbrain,PEN_a(PEN1),DM2_CX_v,"Dh44, FMRFa",Janelia,EASI-FISH,2
adult_drosophila_melanogaster,midbrain,PEN_a(PEN1),DM4_CX_p,"Dh44, FMRFa",Janelia,EASI-FISH,2
adult_drosophila_melanogaster,midbrain,PEN_a(PEN1),DM3_CX_p,"Dh44, FMRFa",Janelia,EASI-FISH,2
adult_drosophila_melanogaster,midbrain,PEN_a(PEN1),DM1_CX_v,"Dh44, FMRFa",Janelia,EASI-FISH,2
adult_drosophila_melanogaster,midbrain,PFGs,DM4_CX_d2,"MIP, Dh331",Janelia,EASI-FISH,2
adult_drosophila_melanogaster,midbrain,PFGs,DM3_CX_d1,"MIP, Dh331",Janelia,EASI-FISH,2
adult_drosophila_melanogaster,midbrain,PFGs,DM3_CX_d2,"MIP, Dh331",Janelia,EASI-FISH,2
adult_drosophila_melanogaster,midbrain,PFGs,DM1_CX_d2,"MIP, Dh331",Janelia,EASI-FISH,2
adult_drosophila_melanogaster,midbrain,PFGs,DM2_CX_d2,"MIP, Dh331",Janelia,EASI-FISH,2
adult_drosophila_melanogaster,midbrain,PFGs,DM2_CX_d1,"MIP, Dh331",Janelia,EASI-FISH,2
adult_drosophila_melanogaster,midbrain,PFGs,DM4_CX_d3,"MIP, Dh331",Janelia,EASI-FISH,2
adult_drosophila_melanogaster,midbrain,PFGs,DM4_CX_d1,"MIP, Dh331",Janelia,EASI-FISH,2
adult_drosophila_melanogaster,midbrain,PFL2,DM4_CX_d2,space blanket,Janelia,EASI-FISH,2
adult_drosophila_melanogaster,midbrain,PFL2,DM1_CX_d2,space blanket,Janelia,EASI-FISH,2
adult_drosophila_melanogaster,midbrain,PFL2,DM2_CX_d2,space blanket,Janelia,EASI-FISH,2
adult_drosophila_melanogaster,midbrain,PFL2,DM3_CX_d1,space blanket,Janelia,EASI-FISH,2
adult_drosophila_melanogaster,midbrain,PFL2,DM4_CX_d1,space blanket,Janelia,EASI-FISH,2
adult_drosophila_melanogaster,midbrain,"PFNm,PFNp",DM3_CX_p,MIP,Janelia,EASI-FISH,2
adult_drosophila_melanogaster,midbrain,"PFNm,PFNp",DM4_CX_p,MIP,Janelia,EASI-FISH,2
adult_drosophila_melanogaster,midbrain,"PFNm,PFNp",DM3_CX_v,MIP,Janelia,EASI-FISH,2
adult_drosophila_melanogaster,midbrain,"PFNm,PFNp",DM2_CX_v,MIP,Janelia,EASI-FISH,2
adult_drosophila_melanogaster,midbrain,"PFNm,PFNp",DM4_CX_v,MIP,Janelia,EASI-FISH,2
adult_drosophila_melanogaster,midbrain,"PFNm,PFNp",DM1_CX_v,MIP,Janelia,EASI-FISH,2
adult_drosophila_melanogaster,midbrain,"PFNm,PFNp",DM2_CX_p,MIP,Janelia,EASI-FISH,2
adult_drosophila_melanogaster,midbrain,"PFNm,PFNp",DM1_CX_p,MIP,Janelia,EASI-FISH,2
adult_drosophila_melanogaster,midbrain,"PI_m-NSC_DH44

",DILP__prim,Dh44,"Reinhard et al., 2023",immuno,4
adult_drosophila_melanogaster,midbrain,"PI_m-NSC_DH44


",DILP__prim,Dh44,"Reinhard et al., 2023",immuno,4
adult_drosophila_melanogaster,midbrain,"PI_m-NSC_DILP


",DILP__prim,"DILP2, DILP3, DILP5","Cao et al., 2001",immuno,4
adult_drosophila_melanogaster,midbrain,"PI_m-NSC_DILP


",DILP__prim,dARC1,"Mattaliano et al., 2007",immuno,4
adult_drosophila_melanogaster,midbrain,"PI_m-NSC_DMS

",DILP__prim,myosuppressin,"Reinhard et al., 2023",immuno,4
adult_drosophila_melanogaster,midbrain,PPL105,putative_primary,sNPF,"Deng et al., 2019",transgenics,3
adult_drosophila_melanogaster,midbrain,PV7c11,SMPpv2_dorsal,Dh31,"Reinhard et al., 2021",immuno,4
adult_drosophila_melanogaster,midbrain,PV7c11,SMPpv2_dorsal,"allatostatin-a, allatostatin-c, Dh44","Reinhard et al., 2023",scRNA-seq,1
adult_drosophila_melanogaster,optic_lobes,Pm4,NA,sNPF,"Nassel et al., 2008",immuno,4
adult_drosophila_melanogaster,midbrain,SLP304,putative_primary,leucokinin,"Yurgel et al., 2019",immuno,4
adult_drosophila_melanogaster,midbrain,SLP304b,putative_primary,leucokinin,"Yurgel et al., 2019",immuno,4
adult_drosophila_melanogaster,midbrain,SLP374,putative_primary,capability,"Deng et al., 2019",transgenics,3
adult_drosophila_melanogaster,midbrain,SLP438,SLPpm4,eclosion hormone,"Scott et al., 2020",immuno,4
adult_drosophila_melanogaster,midbrain,SLP444,putative_primary,"corazonin, sNPF",Zandawala lab,immuno,4
adult_drosophila_melanogaster,midbrain,SLP463,NA,"proctolin, allatostatin-c","Mao et al., 2024",transgenics,3
adult_drosophila_melanogaster,midbrain,SLP463,NA,"proctolin, allatostatin-c","Reinhard et al., 2023","immuno, intersection",4
adult_drosophila_melanogaster,midbrain,SMP001,putative_primary,allatostatin-a,"Vitzthum et al., 1996",immuno,4
adult_drosophila_melanogaster,midbrain,SMP588,SMPp&v1_ventral,eclosion hormone,"Scott et al., 2020",immuno,4
adult_drosophila_melanogaster,midbrain,TRdm_50,TRdm,"hugin, sNPF","Carlsson et al., 2013",immuno,4
adult_drosophila_melanogaster,optic_lobes,Tm1,NA,tachykinin,"Winther et al., 2003",immuno,4
adult_drosophila_melanogaster,midbrain,aMe13,putative_primary,FMRFa,"Song et al., 2023",immuno,4
adult_drosophila_melanogaster,midbrain,cM03,SMPp&v1_ventral,eclosion hormone,"Scott et al., 2020",immuno,4
adult_drosophila_melanogaster,midbrain,cM08b,putative_primary,MIP,"Krzeptowski et al., 2021",immuno,4
adult_drosophila_melanogaster,midbrain,hDeltaD,DM4_CX_d3,"Dh44, tachykinin, space blanket",Janelia,EASI-FISH,2
adult_drosophila_melanogaster,midbrain,hDeltaD,DM1_CX_v,"Dh44, tachykinin, space blanket",Janelia,EASI-FISH,2
adult_drosophila_melanogaster,midbrain,hDeltaD,DM3_CX_d2,"Dh44, tachykinin, space blanket",Janelia,EASI-FISH,2
adult_drosophila_melanogaster,midbrain,hDeltaD,DM2_CX_d2,"Dh44, tachykinin, space blanket",Janelia,EASI-FISH,2
adult_drosophila_melanogaster,midbrain,hDeltaD,DM1_CX_p,"Dh44, tachykinin, space blanket",Janelia,EASI-FISH,2
adult_drosophila_melanogaster,midbrain,hDeltaE,DM1_CX_v,"Dh44, tachykinin, space blanket",Janelia,EASI-FISH,2
adult_drosophila_melanogaster,midbrain,hDeltaE,DM4_CX_d3,"Dh44, tachykinin, space blanket",Janelia,EASI-FISH,2
adult_drosophila_melanogaster,midbrain,hDeltaE,DM1_CX_p,"Dh44, tachykinin, space blanket",Janelia,EASI-FISH,2
adult_drosophila_melanogaster,midbrain,hDeltaE,DM2_CX_d2,"Dh44, tachykinin, space blanket",Janelia,EASI-FISH,2
adult_drosophila_melanogaster,midbrain,hDeltaE,DM3_CX_d2,"Dh44, tachykinin, space blanket",Janelia,EASI-FISH,2
adult_drosophila_melanogaster,midbrain,hDeltaE,DM2_CX_p,"Dh44, tachykinin, space blanket",Janelia,EASI-FISH,2
adult_drosophila_melanogaster,midbrain,hDeltaE,DM4_CX_p,"Dh44, tachykinin, space blanket",Janelia,EASI-FISH,2
adult_drosophila_melanogaster,midbrain,hDeltaF,DM2_CX_d2,neuropeptide-negative,Janelia,EASI-FISH,2
adult_drosophila_melanogaster,midbrain,hDeltaF,DM1_CX_d2,neuropeptide-negative,Janelia,EASI-FISH,2
adult_drosophila_melanogaster,midbrain,hDeltaF,DM1_CX_p,neuropeptide-negative,Janelia,EASI-FISH,2
adult_drosophila_melanogaster,midbrain,hDeltaF,DM4_CX_d2,neuropeptide-negative,Janelia,EASI-FISH,2
adult_drosophila_melanogaster,midbrain,hDeltaH,DM1_CX_p,"tachykinin, space blanket",Janelia,EASI-FISH,2
adult_drosophila_melanogaster,midbrain,hDeltaH,DM1_CX_v,"tachykinin, space blanket",Janelia,EASI-FISH,2
adult_drosophila_melanogaster,midbrain,hDeltaH,DM2_CX_p,"tachykinin, space blanket",Janelia,EASI-FISH,2
adult_drosophila_melanogaster,midbrain,hDeltaH,DM4_CX_d3,"tachykinin, space blanket",Janelia,EASI-FISH,2
adult_drosophila_melanogaster,midbrain,hDeltaH,DM3_CX_p,"tachykinin, space blanket",Janelia,EASI-FISH,2
adult_drosophila_melanogaster,midbrain,hDeltaI,DM2_CX_p,allatostatin-a,Janelia,EASI-FISH,2
adult_drosophila_melanogaster,midbrain,hDeltaI,DM3_CX_d2,allatostatin-a,Janelia,EASI-FISH,2
adult_drosophila_melanogaster,midbrain,hDeltaI,DM4_CX_v,allatostatin-a,Janelia,EASI-FISH,2
adult_drosophila_melanogaster,midbrain,hDeltaI,DM3_CX_p,allatostatin-a,Janelia,EASI-FISH,2
adult_drosophila_melanogaster,midbrain,hDeltaI,DM2_CX_d2,allatostatin-a,Janelia,EASI-FISH,2
adult_drosophila_melanogaster,midbrain,hDeltaI,DM1_CX_d2,allatostatin-a,Janelia,EASI-FISH,2
adult_drosophila_melanogaster,midbrain,hDeltaI,DM4_CX_p,allatostatin-a,Janelia,EASI-FISH,2
adult_drosophila_melanogaster,midbrain,hDeltaK,DM4_CX_d3,"allatostatin-a, allatostatin-c, NPF",Janelia,EASI-FISH,2
adult_drosophila_melanogaster,midbrain,hDeltaK,DM1_CX_p,"allatostatin-a, allatostatin-c, NPF",Janelia,EASI-FISH,2
adult_drosophila_melanogaster,midbrain,hDeltaK,DM4_CX_p,"allatostatin-a, allatostatin-c, NPF",Janelia,EASI-FISH,2
adult_drosophila_melanogaster,midbrain,hDeltaK,DM3_CX_p,"allatostatin-a, allatostatin-c, NPF",Janelia,EASI-FISH,2
adult_drosophila_melanogaster,midbrain,hDeltaK,DM2_CX_p,"allatostatin-a, allatostatin-c, NPF",Janelia,EASI-FISH,2
adult_drosophila_melanogaster,midbrain,hDeltaK,DM1_CX_v,"allatostatin-a, allatostatin-c, NPF",Janelia,EASI-FISH,2
adult_drosophila_melanogaster,midbrain,l-LNv,putative_primary,"pdf, dNPF","Reinhard et al., 2023",immuno,4
adult_drosophila_melanogaster,midbrain,lLN2P_b,ALl1_dorsal,MIP,"Sizemore et al., 2023",immuno,4
adult_drosophila_melanogaster,midbrain,s-LNv_a,NA,ITP,"Reinhard et al., 2023",scRNA-seq,1
adult_drosophila_melanogaster,midbrain,s-LNv_b,NA,"pdf, sNPF","Reinhard et al., 2023",scRNA-seq,1
