species,region,hemilineage,cell_type,neuropeptide_verified_source,neuropeptide_verified_evidence,neuropeptide_verified_confidence,allatostatin-a,allatostatin-c,amnesiac,bursicon,capability,ccap,ccha1,cnma,corazonin,darc1,dh31,dh331,dh44,dilp2,dilp3,dilp5,dnpf,drosulfakinin,eclosion_hormone,fmrfa,hugin,itp,known_np,known_np_confidence,known_np_evidence,known_np_source,leucokinin,mip,myosuppressin,myosupressin,natalisin,negative,neuropeptide,neuropeptides,npf,nplp1,orcokinin,pdf,proctolin,sifamide,snpf,space_blanket,tachykinin,trissin
adult_drosophila_melanogaster,central_brain,putative_primary,aMe13,"Song et al., 2023",immuno,4,0,0,0,0,0,0,0,0,0,0,0,0,0,0,0,0,0,0,0,1,0,0,0,0,0,0,0,0,0,0,0,0,0,0,0,0,0,0,0,0,0,0,0,0
adult_drosophila_melanogaster,central_brain,SLPpl1,APDN3,"Reinhard et al., 2023",immuno,4,0,1,0,0,0,0,0,0,0,0,0,0,0,0,0,0,0,0,0,0,0,0,0,0,0,0,0,0,0,0,0,0,0,0,0,0,0,0,0,0,0,0,0,0
adult_drosophila_melanogaster,central_brain,putative_primary,AstA1,"Hergarden et al., 2012",transgenics,3,1,0,0,0,0,0,0,0,0,0,0,0,0,0,0,0,0,0,0,0,0,0,0,0,0,0,0,0,0,0,0,0,0,0,0,0,0,0,0,0,0,0,0,0
adult_drosophila_melanogaster,central_brain,putative_primary,AVLP594,"Jiang et al., 2013",immuno,4,0,0,0,0,0,0,0,0,0,0,0,0,0,0,0,0,0,0,0,0,0,0,0,0,0,0,0,0,0,0,1,0,0,0,0,0,0,0,0,0,0,0,0,0
adult_drosophila_melanogaster,central_brain,DL1_dorsal,CB.FB1E1,"Wolff et al., 2024",EASI-FISH,2,0,0,0,0,0,0,0,0,0,0,0,0,0,0,0,0,0,0,0,0,0,0,0,0,0,0,0,1,0,0,0,0,0,0,0,0,0,0,0,0,0,0,0,0
adult_drosophila_melanogaster,central_brain,DM6__prim,CB.FB1H0,"Wolff et al., 2024",EASI-FISH,2,0,0,0,0,0,0,0,0,0,0,0,0,0,0,0,0,0,0,0,0,0,0,0,0,0,0,0,0,0,0,0,0,0,0,0,1,0,0,0,0,0,0,0,0
adult_drosophila_melanogaster,central_brain,DL1_dorsal,CB.FB2E10,"Wolff et al., 2024",EASI-FISH,2,0,0,0,0,0,0,0,0,0,0,0,0,0,0,0,0,0,0,0,0,0,0,0,0,0,0,0,1,0,0,0,0,0,0,0,0,0,0,0,0,0,0,1,0
adult_drosophila_melanogaster,central_brain,DL1_dorsal,CB.FB2E8,"Wolff et al., 2024",EASI-FISH,2,0,0,0,0,0,0,0,0,0,0,0,0,0,0,0,0,0,0,0,0,0,0,0,0,0,0,0,1,0,0,0,0,0,0,0,0,0,0,0,0,0,0,1,0
adult_drosophila_melanogaster,central_brain,DL1_dorsal,CB.FB2E9,"Wolff et al., 2024",EASI-FISH,2,0,0,0,0,0,0,0,0,0,0,0,0,0,0,0,0,0,0,0,0,0,0,0,0,0,0,0,1,0,0,0,0,0,0,0,0,0,0,0,0,0,0,1,0
adult_drosophila_melanogaster,central_brain,DM4_dorsal,CB.FB2G0,"Wolff et al., 2024",EASI-FISH,2,0,0,0,0,0,0,0,0,0,0,0,0,0,0,0,0,0,0,0,0,0,0,0,0,0,0,0,0,0,0,0,0,0,0,0,0,0,0,0,0,0,1,0,0
adult_drosophila_melanogaster,central_brain,LALv1_dorsal,CB.FB2I2,"Wolff et al., 2024",EASI-FISH,2,0,0,0,0,0,0,0,0,0,0,0,0,0,0,0,0,0,0,0,0,0,0,0,0,0,0,0,0,0,0,0,0,0,0,0,1,0,0,0,0,0,0,0,0
adult_drosophila_melanogaster,central_brain,CREa1_dorsal,CB.FB2K0,"Wolff et a., 2024",EASI-FISH,2,0,0,0,0,0,0,0,0,0,0,0,0,0,0,0,0,0,0,0,0,0,0,0,0,0,0,0,0,0,0,0,0,0,0,0,0,0,0,1,0,0,0,0,0
adult_drosophila_melanogaster,central_brain,CREa1_dorsal,CB.FB2K1,"Wolff et a., 2024",EASI-FISH,2,0,0,0,0,0,0,0,0,0,0,0,0,0,0,0,0,0,0,0,0,0,0,0,0,0,0,0,0,0,0,0,0,0,0,0,0,0,0,1,0,0,0,0,0
adult_drosophila_melanogaster,central_brain,DM6_dorso_medial,"CB.FB3,4A2","Wolff et al., 2024",EASI-FISH,2,0,0,0,0,0,0,0,0,0,0,0,0,0,0,0,0,0,0,0,0,0,0,0,0,0,0,0,0,0,1,0,0,0,0,0,0,0,0,0,0,0,0,0,0
adult_drosophila_melanogaster,central_brain,DM6__prim,"CB.FB3,4A21","Wolff et al., 2024",EASI-FISH,2,0,1,0,0,0,0,0,0,0,0,0,0,0,0,0,0,0,0,0,0,0,0,0,0,0,0,0,0,0,0,0,0,0,0,0,0,0,0,0,1,0,0,0,0
adult_drosophila_melanogaster,central_brain,0,"CB.FB3,4A3","Wolff et al., 2024",EASI-FISH,2,0,0,0,0,0,0,0,0,0,0,0,0,0,0,0,0,0,0,0,0,0,0,0,0,0,0,0,0,0,0,0,0,0,0,0,1,0,0,0,0,0,0,0,0
adult_drosophila_melanogaster,central_brain,DM6__prim,"CB.FB3,4A9","Wolff et al., 2024",EASI-FISH,2,0,0,0,0,0,0,0,0,0,0,0,0,0,0,0,0,0,0,0,0,0,0,0,0,0,0,0,0,0,0,0,0,0,0,0,0,0,0,0,0,0,1,0,0
adult_drosophila_melanogaster,central_brain,AOTUv4_ventral,"CB.FB3,4D0","Wolff et al., 2024",EASI-FISH,2,0,0,0,0,0,0,0,0,0,0,0,0,0,0,0,0,0,0,0,0,0,0,0,0,0,0,0,0,0,0,0,0,0,0,0,0,0,0,0,0,0,0,1,0
adult_drosophila_melanogaster,central_brain,0,"CB.FB3,4D0","Wolff et al., 2024",EASI-FISH,2,0,0,0,0,0,0,0,0,0,0,0,0,0,0,0,0,0,0,0,0,0,0,0,0,0,0,0,0,0,0,0,0,0,0,0,1,0,0,0,0,0,0,0,0
adult_drosophila_melanogaster,central_brain,AOTUv4_ventral,"CB.FB3,4D3","Wolff et al., 2024",EASI-FISH,2,0,0,0,0,0,0,0,0,0,0,0,0,0,0,0,0,0,0,0,0,0,0,0,0,0,0,0,0,0,0,0,0,0,0,0,0,0,0,0,0,0,0,1,0
adult_drosophila_melanogaster,central_brain,LALv1_dorsal,"CB.FB3,4I0","Wolff et al., 2024",EASI-FISH,2,0,0,0,0,0,0,0,0,0,0,0,0,0,0,0,0,0,0,0,0,0,0,0,0,0,0,0,0,0,0,0,0,0,0,0,1,0,0,0,0,0,0,0,0
adult_drosophila_melanogaster,central_brain,LALv1_dorsal,"CB.FB3,4I2","Wolff et al., 2024",EASI-FISH,2,0,0,0,0,0,0,0,0,0,0,1,0,0,0,0,0,0,0,0,0,0,0,0,0,0,0,0,0,0,0,0,0,0,0,0,1,0,0,0,0,0,0,0,0
adult_drosophila_melanogaster,central_brain,LALv1_dorsal,"CB.FB3,4I3","Wolff et al., 2024",EASI-FISH,2,0,0,0,0,0,0,0,0,0,0,0,0,0,0,0,0,0,0,0,0,0,0,0,0,0,0,0,0,0,0,0,0,0,0,0,1,0,0,0,0,0,0,0,0
adult_drosophila_melanogaster,central_brain,LALv1_dorsal,"CB.FB3,4I6","Wolff et al., 2024",EASI-FISH,2,0,0,0,0,0,0,0,0,0,0,0,0,0,0,0,0,0,0,0,0,0,0,0,0,0,0,0,0,0,0,0,0,0,0,0,1,0,0,0,0,0,0,0,0
adult_drosophila_melanogaster,central_brain,LALv1_dorsal,"CB.FB3,4I8","Wolff et al., 2024",EASI-FISH,2,0,0,0,0,0,0,0,0,0,0,1,0,0,0,0,0,0,0,0,0,0,0,0,0,0,0,0,0,0,0,0,0,0,0,0,0,0,0,0,0,0,0,0,0
adult_drosophila_melanogaster,central_brain,LALv1_dorsal,"CB.FB3,4I9","Wolff et al., 2024",EASI-FISH,2,0,0,0,0,0,0,0,0,0,0,0,0,0,0,0,0,0,0,0,0,0,0,0,0,0,0,0,0,0,0,0,0,0,0,0,1,0,0,0,0,0,0,0,0
adult_drosophila_melanogaster,central_brain,EBa1,"CB.FB3,4L1","Wolff et al., 2024",EASI-FISH,2,0,0,0,0,0,0,0,0,0,0,1,0,0,0,0,0,0,0,0,0,0,0,0,0,0,0,0,0,0,0,0,0,0,0,0,1,0,0,0,0,0,0,0,0
adult_drosophila_melanogaster,central_brain,DM6_dorso_medial,CB.FB5B0,"Wolff et al., 2024",EASI-FISH,2,0,0,0,0,0,0,0,0,0,0,0,0,0,0,0,0,0,0,0,0,0,0,0,0,0,0,0,0,0,1,0,0,0,0,0,0,0,0,0,0,0,0,0,0
adult_drosophila_melanogaster,central_brain,DM6_dorso_medial,CB.FB5B1,"Wolff et al., 2024",EASI-FISH,2,0,0,0,0,0,0,0,0,0,0,0,0,0,0,0,0,0,0,0,0,0,0,0,0,0,0,0,0,0,1,0,0,0,0,0,0,0,0,0,0,0,0,0,0
adult_drosophila_melanogaster,central_brain,SIPp1,CB.FB5C0,"Wolff et al., 2024",EASI-FISH,2,0,0,0,0,0,0,0,0,0,0,0,0,0,0,0,0,0,0,0,0,0,0,0,0,0,0,0,0,0,0,0,0,0,-1,0,0,0,0,0,0,0,0,0,0
adult_drosophila_melanogaster,central_brain,AOTUv4_ventral,CB.FB5D4,"Wolff et al., 2024",EASI-FISH,2,0,0,0,0,0,0,0,0,0,0,0,0,0,0,0,0,0,0,0,0,0,0,0,0,0,0,0,0,0,0,0,0,0,0,0,0,0,0,0,0,0,0,1,0
adult_drosophila_melanogaster,central_brain,LALv1_dorsal,CB.FB5I1,"Wolff et al., 2024",EASI-FISH,2,0,0,0,0,0,0,0,0,0,0,0,0,0,0,0,0,0,0,0,0,0,0,0,0,0,0,0,0,0,0,0,0,0,-1,0,0,0,0,0,0,0,0,0,0
adult_drosophila_melanogaster,central_brain,DM6_dorso_medial,CB.FB6B1,"Wolff et al., 2024",EASI-FISH,2,0,0,0,0,0,0,0,0,0,0,0,0,0,0,0,0,0,0,0,0,0,0,0,0,0,0,0,0,0,1,0,0,0,0,0,0,0,0,0,0,0,0,0,0
adult_drosophila_melanogaster,central_brain,SIPp1,CB.FB6C2,"Wolff et al., 2024",EASI-FISH,2,0,0,0,0,0,0,0,0,0,0,0,0,0,0,0,0,0,0,0,0,0,0,0,0,0,0,0,0,0,0,0,0,0,-1,0,0,0,0,0,0,0,0,0,0
adult_drosophila_melanogaster,central_brain,DL1_dorsal,CB.FB6E4,"Wolff et al., 2024",EASI-FISH,2,0,1,0,0,0,0,0,0,0,0,0,0,0,0,0,0,0,0,0,0,0,0,0,0,0,0,0,0,0,0,0,0,0,0,0,1,0,0,0,0,0,0,0,0
adult_drosophila_melanogaster,central_brain,putative_primary,CB.FB6F0,"Wolff et al., 2024",EASI-FISH,2,0,0,0,0,0,0,0,0,0,0,0,0,0,0,0,0,0,0,0,0,0,0,0,0,0,0,0,0,0,0,0,0,0,0,0,0,0,0,1,0,0,0,0,0
adult_drosophila_melanogaster,central_brain,DM6_dorso_medial,CB.FB7B0,"Wolff et al., 2024",EASI-FISH,2,0,0,0,0,0,0,0,0,0,0,0,0,0,0,0,0,0,0,0,0,0,0,0,0,0,0,0,0,0,0,0,0,0,0,0,1,0,0,0,0,0,0,0,0
adult_drosophila_melanogaster,central_brain,DL1_dorsal,CB.FB7E2,"Wolff et al., 2024",EASI-FISH,2,0,0,0,0,0,0,0,0,0,0,1,0,0,0,0,0,0,0,0,0,0,0,0,0,0,0,0,0,0,0,0,0,0,0,0,1,0,0,0,0,0,0,0,0
adult_drosophila_melanogaster,central_brain,DM6_dorso_medial,CB.FB8B0,"Wolff et al., 2024",EASI-FISH,2,0,0,0,0,0,0,0,0,0,0,0,0,0,0,0,0,0,0,0,0,0,0,0,0,0,0,0,0,0,0,0,0,0,0,0,0,0,0,1,0,0,0,0,0
adult_drosophila_melanogaster,central_brain,DM6_dorso_medial,CB.FB8B1,"Wolff et al., 2024",EASI-FISH,2,0,0,0,0,0,0,0,0,0,0,0,0,0,0,0,0,0,0,0,0,0,0,0,0,0,0,0,0,0,0,0,0,0,0,0,0,0,0,1,0,0,0,0,0
adult_drosophila_melanogaster,central_brain,DL1_dorsal,CB.FB8E0,"Wolff et al., 2024",EASI-FISH,2,0,0,0,0,0,0,0,0,0,0,0,0,0,0,0,0,0,0,0,0,0,0,0,0,0,0,0,0,0,0,0,0,0,0,0,1,0,0,0,0,0,0,0,0
adult_drosophila_melanogaster,central_brain,DL1_dorsal,CB.FB8E1,"Wolff et al., 2024",EASI-FISH,2,0,0,0,0,0,0,0,0,0,0,0,0,0,0,0,0,0,0,0,0,0,0,0,0,0,0,0,0,0,0,0,0,0,0,0,1,0,0,0,0,0,0,0,0
adult_drosophila_melanogaster,central_brain,LB5,CB0060,Landayan et al. 2021,immuno,4,1,0,0,0,0,0,0,0,0,0,0,0,0,0,0,0,0,0,0,0,0,0,0,0,0,0,0,0,0,0,0,0,0,0,0,0,0,0,0,0,0,0,0,0
adult_drosophila_melanogaster,central_brain,putative_primary,CB0153,"Dolan et al., 2017",transgenics,3,0,0,0,-1,0,1,0,0,0,0,0,0,0,0,0,0,0,0,0,0,0,0,0,0,0,0,0,0,0,0,0,0,0,0,0,0,0,0,0,0,0,0,0,0
adult_drosophila_melanogaster,central_brain,TRdm,CB0878,"Carlsson et al., 2013",immuno,4,0,0,0,0,0,0,0,0,0,0,0,0,0,0,0,0,0,0,0,0,1,0,0,0,0,0,0,0,0,0,0,0,0,0,0,0,0,0,0,0,1,0,0,0
adult_drosophila_melanogaster,central_brain,SMPpv2_dorsal,CB1215,"Reinhard et al., 2021",immuno,4,0,0,0,0,0,0,0,0,0,0,1,0,0,0,0,0,0,0,0,0,0,0,0,0,0,0,0,0,0,0,0,0,0,0,0,0,0,0,0,0,0,0,0,0
adult_drosophila_melanogaster,central_brain,SMPpv2_dorsal,CB1215,"Reinhard et al., 2023",scRNA-seq,1,1,1,0,0,0,0,0,0,0,0,0,0,0,0,0,0,0,0,0,0,0,0,0,0,0,0,0,0,0,0,0,0,0,0,0,0,0,0,0,0,0,0,0,0
adult_drosophila_melanogaster,central_brain,MX0__prim,CB2748,"Luan et al., 2006",immuno,4,0,0,0,0,0,1,0,0,0,0,0,0,0,0,0,0,0,0,0,0,0,0,0,0,0,0,0,0,0,0,0,0,0,0,0,0,0,0,0,0,0,0,0,0
adult_drosophila_melanogaster,central_brain,MX0__prim,CB2748,Pankratz,"larva, immuno",0,0,0,0,0,0,0,0,0,0,0,0,0,0,0,0,0,0,0,0,0,0,0,0,0,0,0,0,0,0,0,0,0,0,0,0,0,0,0,0,0,0,0,0,0
adult_drosophila_melanogaster,central_brain,SMPp&v1_ventral,cM03,"Scott et al., 2020",immuno,4,0,0,0,0,0,0,0,0,0,0,0,0,0,0,0,0,0,0,1,0,0,0,0,0,0,0,0,0,0,0,0,0,0,0,0,0,0,0,0,0,0,0,0,0
adult_drosophila_melanogaster,central_brain,putative_primary,cM08b,"Krzeptowski et al., 2021",immuno,4,0,0,0,0,0,0,0,0,0,0,0,0,0,0,0,0,0,0,0,0,0,0,0,0,0,0,0,1,0,0,0,0,0,0,0,0,0,0,0,0,0,0,0,0
adult_drosophila_melanogaster,central_brain,putative_primary,CRZ01,"Kubrak et al., 2016",immuno,4,0,0,0,0,0,0,0,0,1,0,0,0,0,0,0,0,0,0,0,0,0,0,0,0,0,0,0,0,0,0,0,0,0,0,0,0,0,0,0,0,1,0,0,0
adult_drosophila_melanogaster,central_brain,putative_primary,CRZ02,"Kubrak et al., 2016",immuno,4,0,0,0,0,0,0,0,0,1,0,0,0,0,0,0,0,0,0,0,0,0,0,0,0,0,0,0,0,0,0,0,0,0,0,0,0,0,0,0,0,1,0,0,0
adult_drosophila_melanogaster,central_brain,PBp1,Delta7,"Wolff et al., 2024",EASI-FISH,2,0,0,0,0,0,0,0,0,0,0,0,0,0,0,0,0,0,0,0,0,0,0,0,0,0,0,0,0,0,0,0,0,0,0,0,0,0,0,1,0,0,0,0,0
adult_drosophila_melanogaster,central_brain,putative_primary,DN1a,"Reinhard et al., 2023",scRNA-seq,1,0,0,0,0,0,0,1,0,0,0,0,0,0,0,0,0,0,0,0,0,0,0,0,0,0,0,0,0,0,0,0,0,0,0,0,0,0,0,0,0,0,0,0,0
adult_drosophila_melanogaster,central_brain,putative_primary,DN1pA,"Diaz et al., 2019",immuno,4,0,1,0,0,0,0,0,0,0,0,0,0,0,0,0,0,0,0,0,0,0,0,0,0,0,0,0,0,0,0,0,0,0,0,0,0,0,0,0,0,0,0,0,0
adult_drosophila_melanogaster,central_brain,putative_primary,DN1pA,"Goda et al., 2016",immuno,4,0,0,0,0,0,0,0,0,0,0,1,0,0,0,0,0,0,0,0,0,0,0,0,0,0,0,0,0,0,0,0,0,0,0,0,0,0,0,0,0,0,0,0,0
adult_drosophila_melanogaster,central_brain,putative_primary,DN1pA,"Jin et al., 2021",immuno,4,0,0,0,0,0,0,0,1,0,0,0,0,0,0,0,0,0,0,0,0,0,0,0,0,0,0,0,0,0,0,0,0,0,0,0,0,0,0,0,0,0,0,0,0
adult_drosophila_melanogaster,central_brain,putative_primary,DN1pA,"Reinhard et al., 2023",immuno,4,0,1,0,0,0,0,0,0,0,0,0,0,0,0,0,0,0,0,0,0,0,0,0,0,0,0,0,0,0,0,0,0,0,0,0,0,0,0,0,0,0,0,0,0
adult_drosophila_melanogaster,central_brain,putative_primary,DN1pB,"Goda et al., 2016",immuno,4,0,0,0,0,0,0,0,0,0,0,1,0,0,0,0,0,0,0,0,0,0,0,0,0,0,0,0,0,0,0,0,0,0,0,0,0,0,0,0,0,0,0,0,0
adult_drosophila_melanogaster,central_brain,putative_primary,DN1pB,"Jin et al., 2021",immuno,4,0,0,0,0,0,0,0,1,0,0,0,0,0,0,0,0,0,0,0,0,0,0,0,0,0,0,0,0,0,0,0,0,0,0,0,0,0,0,0,0,0,0,0,0
adult_drosophila_melanogaster,central_brain,putative_primary,DPM,Waddell et al. 2000,immuno,4,0,0,1,0,0,0,0,0,0,0,0,0,0,0,0,0,0,0,0,0,0,0,0,0,0,0,0,0,0,0,0,0,0,0,0,0,0,0,0,0,0,0,0,0
adult_drosophila_melanogaster,central_brain,putative_primary,DSKMP3,"Soderberg et al., 2012",immuno,4,0,0,0,0,0,0,0,0,0,0,0,0,0,0,0,0,0,1,0,0,0,0,0,0,0,0,0,0,0,0,0,0,0,0,0,0,0,0,0,0,0,0,0,0
adult_drosophila_melanogaster,central_brain,putative_primary,DSKMP3,"Wu et al., 2019",immuno,4,0,0,0,0,0,0,0,0,0,0,0,0,0,0,0,0,0,1,0,0,0,0,0,0,0,0,0,0,0,0,0,0,0,0,0,0,0,0,0,0,0,0,0,0
adult_drosophila_melanogaster,central_brain,DM1_CX_d2,EPG,Turner-Evans et al. 2020,scRNA-seq,1,0,0,0,0,0,0,0,0,0,0,0,0,0,0,0,0,0,0,0,0,0,0,0,0,0,0,0,0,0,0,0,0,0,0,0,0,0,0,0,0,0,1,0,0
adult_drosophila_melanogaster,central_brain,DM1_CX_d2,EPG,"Wolff et al., 2024",EASI-FISH,2,0,0,0,0,0,0,0,0,0,0,0,0,0,0,0,0,0,0,0,0,0,0,0,0,0,0,0,0,0,0,0,0,0,0,0,0,0,0,0,0,0,1,0,0
adult_drosophila_melanogaster,central_brain,DM4_CX_d2,EPGt,"Wolff et al., 2024",EASI-FISH,2,0,0,0,0,0,0,0,0,0,0,0,0,0,0,0,0,0,0,0,0,0,0,0,0,0,0,0,0,0,0,0,0,0,0,0,0,0,0,0,0,0,1,0,0
adult_drosophila_melanogaster,central_brain,EBa1,ER5,"Wolff et al., 2024",EASI-FISH,2,0,0,0,0,0,0,0,0,0,0,1,0,0,0,0,0,0,0,0,0,0,0,0,0,0,0,0,0,0,0,0,0,0,0,0,0,0,0,0,0,0,0,0,0
adult_drosophila_melanogaster,central_brain,DM4__prim,ExR1,"Wolff et al., 2024",EASI-FISH,2,0,0,0,0,0,0,0,0,0,0,0,0,0,0,0,0,0,0,0,0,0,0,0,0,0,0,0,0,0,0,0,0,0,-1,0,0,0,0,0,0,0,0,0,0
adult_drosophila_melanogaster,central_brain,putative_primary,ExR3,"Wolff et a., 2024",EASI-FISH,2,0,0,0,0,0,0,0,0,0,0,0,0,0,0,0,0,0,0,0,0,0,0,0,0,0,0,0,0,0,0,0,-1,0,-1,0,0,0,0,0,0,0,0,0,0
adult_drosophila_melanogaster,central_brain,DM1_CX_d2,FR1,"Wolff et al., 2024",EASI-FISH,2,0,0,0,0,0,0,0,0,0,0,0,0,0,0,0,0,0,0,0,0,0,0,0,0,0,0,0,0,0,0,0,0,0,0,0,0,0,0,0,0,1,0,0,0
adult_drosophila_melanogaster,central_brain,DM1_CX_v,hDeltaD,"Wolff et al., 2024",EASI-FISH,2,0,0,0,0,0,0,0,0,0,0,0,0,0,0,0,0,0,0,0,0,0,0,0,0,0,0,0,0,0,0,0,0,0,0,0,0,0,0,0,0,0,1,1,0
adult_drosophila_melanogaster,central_brain,DM1_CX_v,hDeltaE,"Wolff et al., 2024",EASI-FISH,2,0,0,0,0,0,0,0,0,0,0,0,0,0,0,0,0,0,0,0,0,0,0,0,0,0,0,0,0,0,0,0,0,0,0,0,0,0,0,0,0,0,1,1,0
adult_drosophila_melanogaster,central_brain,DM1_CX_d2,hDeltaF,"Wolff et al., 2024",EASI-FISH,2,0,0,0,0,0,0,0,0,0,0,0,0,0,0,0,0,0,0,0,0,0,0,0,0,0,0,0,0,0,0,0,0,-1,0,0,0,0,0,0,0,0,0,0,0
adult_drosophila_melanogaster,central_brain,DM1_CX_p,hDeltaH,"Wolff et al., 2024",EASI-FISH,2,0,0,0,0,0,0,0,0,0,0,0,0,0,0,0,0,0,0,0,0,0,0,0,0,0,0,0,0,0,0,0,0,0,0,0,0,0,0,0,0,0,1,1,0
adult_drosophila_melanogaster,central_brain,DM1_CX_d2,hDeltaI,"Wolff et al., 2024",EASI-FISH,2,1,0,0,0,0,0,0,0,0,0,0,0,0,0,0,0,0,0,0,0,0,0,0,0,0,0,0,0,0,0,0,0,0,0,0,0,0,0,0,0,0,0,0,0
adult_drosophila_melanogaster,central_brain,DM1_CX_p,hDeltaK,"Wolff et al., 2024",EASI-FISH,2,1,1,0,0,0,0,0,0,0,0,0,0,0,0,0,0,0,0,0,0,0,0,0,0,0,0,0,0,0,0,0,0,0,0,1,0,0,0,0,0,0,0,0,0
adult_drosophila_melanogaster,central_brain,putative_primary,ISN,"González Segarra et al., 2023",RNAi,2,0,0,0,0,0,0,0,0,0,0,0,0,0,0,1,0,0,0,0,0,0,0,0,0,0,0,0,0,0,0,0,0,0,0,0,0,0,0,0,0,0,0,0,0
adult_drosophila_melanogaster,central_brain,MBp1,KCab,Aso et al. 2019,scRNA-seq,1,0,0,0,0,0,0,0,0,0,0,0,0,0,0,0,0,0,0,0,0,0,0,0,0,0,0,0,0,0,0,0,0,0,0,0,0,0,0,0,0,1,0,0,0
adult_drosophila_melanogaster,central_brain,MBp1,KCab,Johard et al.,immuno,4,0,0,0,0,0,0,0,0,0,0,0,0,0,0,0,0,0,0,0,0,0,0,0,0,0,0,0,0,0,0,0,0,0,0,0,0,0,0,0,0,1,0,0,0
adult_drosophila_melanogaster,central_brain,MBp1,KCg-d,Aso et al. 2019,scRNA-seq,1,0,0,0,0,0,0,0,0,0,0,0,0,0,0,0,0,0,0,0,0,0,0,0,0,0,0,0,0,0,0,0,0,0,0,0,0,0,0,0,0,1,0,0,0
adult_drosophila_melanogaster,central_brain,MBp1,KCg-d,"Johard et al., 2008",immuno,4,0,0,0,0,0,0,0,0,0,0,0,0,0,0,0,0,0,0,0,0,0,0,0,0,0,0,0,0,0,0,0,0,0,0,0,0,0,0,0,0,1,0,0,0
adult_drosophila_melanogaster,central_brain,MBp1,KCg-m,Aso et al. 2019,scRNA-seq,1,0,0,0,0,0,0,0,0,0,0,0,0,0,0,0,0,0,0,0,0,0,0,0,0,0,0,0,0,0,0,0,0,0,0,0,0,0,0,0,0,1,0,0,0
adult_drosophila_melanogaster,central_brain,MBp1,KCg-m,"Johard et al., 2008",immuno,4,0,0,0,0,0,0,0,0,0,0,0,0,0,0,0,0,0,0,0,0,0,0,0,0,0,0,0,0,0,0,0,0,0,0,0,0,0,0,0,0,1,0,0,0
adult_drosophila_melanogaster,central_brain,MBp4,KCg-s1,Aso et al. 2019,scRNA-seq,1,0,0,0,0,0,0,0,0,0,0,0,0,0,0,0,0,0,0,0,0,0,0,0,0,0,0,0,0,0,0,0,0,0,0,0,0,0,0,0,0,1,0,0,0
adult_drosophila_melanogaster,central_brain,MBp4,KCg-s1,"Johard et al., 2008",immuno,4,0,0,0,0,0,0,0,0,0,0,0,0,0,0,0,0,0,0,0,0,0,0,0,0,0,0,0,0,0,0,0,0,0,0,0,0,0,0,0,0,1,0,0,0
adult_drosophila_melanogaster,central_brain,MBp4,KCg-s2,Aso et al. 2019,scRNA-seq,1,0,0,0,0,0,0,0,0,0,0,0,0,0,0,0,0,0,0,0,0,0,0,0,0,0,0,0,0,0,0,0,0,0,0,0,0,0,0,0,0,1,0,0,0
adult_drosophila_melanogaster,central_brain,MBp4,KCg-s2,"Johard et al., 2008",immuno,4,0,0,0,0,0,0,0,0,0,0,0,0,0,0,0,0,0,0,0,0,0,0,0,0,0,0,0,0,0,0,0,0,0,0,0,0,0,0,0,0,1,0,0,0
adult_drosophila_melanogaster,central_brain,MBp1,KCg-s3,Aso et al. 2019,scRNA-seq,1,0,0,0,0,0,0,0,0,0,0,0,0,0,0,0,0,0,0,0,0,0,0,0,0,0,0,0,0,0,0,0,0,0,0,0,0,0,0,0,0,1,0,0,0
adult_drosophila_melanogaster,central_brain,MBp1,KCg-s3,"Johard et al., 2008",immuno,4,0,0,0,0,0,0,0,0,0,0,0,0,0,0,0,0,0,0,0,0,0,0,0,0,0,0,0,0,0,0,0,0,0,0,0,0,0,0,0,0,1,0,0,0
adult_drosophila_melanogaster,central_brain,putative_primary,l_NSC_CRZ,"Reinhard et al., 2023",immuno,4,0,0,0,0,0,0,0,0,1,0,0,0,0,0,0,0,0,0,0,0,0,0,0,0,0,0,0,0,0,0,0,0,0,0,0,0,0,0,0,0,1,0,0,0
adult_drosophila_melanogaster,central_brain,putative_primary,l_NSC_DH31,"Reinhard et al., 2023",immuno,4,0,0,0,0,0,0,0,0,0,0,1,0,0,0,0,0,0,0,0,0,0,0,0,0,0,0,0,0,0,0,0,0,0,0,0,0,0,0,0,0,0,0,0,0
adult_drosophila_melanogaster,central_brain,0,l_NSC_ITP,"Reinhard et al., 2023",immuno,4,0,0,0,0,0,0,0,0,0,0,0,0,0,0,0,0,0,0,0,0,0,1,0,0,0,0,1,0,0,0,0,0,0,0,0,0,0,0,0,0,1,0,1,0
adult_drosophila_melanogaster,central_brain,putative_primary,l-LNv,"Reinhard et al., 2023",immuno,4,0,0,0,0,0,0,0,0,0,0,0,0,0,0,0,0,1,0,0,0,0,0,0,0,0,0,0,0,0,0,0,0,0,0,0,0,0,1,0,0,0,0,0,0
adult_drosophila_melanogaster,central_brain,LALv1_dorsal,LCNOp,"Wolff et al., 2024",EASI-FISH,2,0,0,0,0,0,0,0,0,0,0,0,0,0,0,0,0,0,0,0,0,0,0,0,0,0,0,0,0,0,0,0,0,0,0,0,1,0,0,0,0,0,0,0,0
adult_drosophila_melanogaster,central_brain,putative_primary,LHPV6q1,"Song et al., 2023",immuno,4,0,0,0,0,0,0,0,0,0,0,0,0,0,0,0,0,0,0,0,1,0,0,0,0,0,0,0,0,0,0,0,0,0,0,0,0,0,0,0,0,0,0,0,0
adult_drosophila_melanogaster,central_brain,ALl1_dorsal,lLN2P_b,"Sizemore et al., 2023",immuno,4,0,0,0,0,0,0,0,0,0,0,0,0,0,0,0,0,0,0,0,0,0,0,0,0,0,0,0,1,0,0,0,0,0,0,0,0,0,0,0,0,0,0,0,0
adult_drosophila_melanogaster,central_brain,putative_primary,LNd_a,"Hermann-Luibl et al., 2014",immuno,4,0,0,0,0,0,0,0,0,0,0,0,0,0,0,0,0,0,0,0,0,0,1,0,0,0,0,0,0,0,0,0,0,0,0,0,0,0,0,0,0,0,0,0,0
adult_drosophila_melanogaster,central_brain,putative_primary,LNd_a,"Reinhard et al., 2023",scRNA-seq,1,0,0,0,0,0,0,0,0,0,0,0,0,0,0,0,0,1,0,0,0,0,1,0,0,0,0,0,0,0,0,0,0,0,0,0,0,0,0,0,0,0,0,0,0
adult_drosophila_melanogaster,central_brain,SLPav1_lateral,LNd_c,Reinhard et al. 2023,immuno,4,0,0,0,0,0,0,0,0,0,0,0,0,0,0,0,0,1,0,0,0,0,0,0,0,0,0,0,0,0,0,0,0,0,0,0,0,0,0,0,0,0,0,0,0
adult_drosophila_melanogaster,central_brain,DILP__prim,m_NSC_DH44,"Reinhard et al., 2023",immuno,4,0,0,0,0,0,0,0,0,0,0,0,0,0,0,0,0,0,0,0,0,0,0,0,0,0,0,0,0,0,0,0,0,0,0,0,0,0,0,0,0,0,0,0,0
adult_drosophila_melanogaster,central_brain,DILP__prim,m_NSC_DILP,"Cao et al., 2001",immuno,4,0,0,0,0,0,0,0,0,0,0,0,0,0,1,1,1,0,0,0,0,0,0,0,0,0,0,0,0,0,0,0,0,0,0,0,0,0,0,0,0,0,0,0,0
adult_drosophila_melanogaster,central_brain,DILP__prim,m_NSC_DILP,"Mattaliano et al., 2007",immuno,4,0,0,0,0,0,0,0,0,0,1,0,0,0,0,0,0,0,0,0,0,0,0,0,0,0,0,0,0,0,0,0,0,0,0,0,0,0,0,0,0,0,0,0,0
adult_drosophila_melanogaster,central_brain,DILP__prim,m_NSC_DMS,"Reinhard et al., 2023",immuno,4,0,0,0,0,0,0,0,0,0,0,0,0,0,0,0,0,0,0,0,0,0,0,0,0,0,0,0,0,1,0,0,0,0,0,0,0,0,0,0,0,0,0,0,0
adult_drosophila_melanogaster,central_brain,putative_primary,NPFL1-I,"Chiang et al., 2011",MCFO,3,0,0,0,0,0,0,0,0,0,0,0,0,0,0,0,0,1,0,0,0,0,0,0,0,0,0,0,0,0,0,0,0,0,0,0,0,0,0,0,0,0,0,0,0
adult_drosophila_melanogaster,central_brain,putative_primary,NPFL1-I,Krashes et al. 2009,immuno,4,0,0,0,0,0,0,0,0,0,0,0,0,0,0,0,0,1,0,0,0,0,0,0,0,0,0,0,0,0,0,0,0,0,0,0,0,0,0,0,0,0,0,0,0
adult_drosophila_melanogaster,central_brain,0,ORN_DA1,"Carlsson et al., 2010",immuno,4,0,0,0,0,0,0,0,0,0,0,0,0,0,0,0,0,0,0,0,0,0,0,0,0,0,0,0,0,0,0,0,0,0,0,0,0,0,0,0,0,1,0,0,0
adult_drosophila_melanogaster,central_brain,0,ORN_DA1,Yasuyama et al. 1999,immuno,4,0,0,0,0,0,0,0,0,0,0,0,0,0,0,0,0,0,0,0,0,0,0,0,0,0,0,0,0,0,0,0,0,0,0,0,0,0,0,0,0,1,0,0,0
adult_drosophila_melanogaster,central_brain,0,ORN_DA2,"Carlsson et al., 2010",immuno,4,0,0,0,0,0,0,0,0,0,0,0,0,0,0,0,0,0,0,0,0,0,0,0,0,0,0,0,0,0,0,0,0,0,0,0,0,0,0,0,0,1,0,0,0
adult_drosophila_melanogaster,central_brain,0,ORN_DA2,Yasuyama et al. 1999,immuno,4,0,0,0,0,0,0,0,0,0,0,0,0,0,0,0,0,0,0,0,0,0,0,0,0,0,0,0,0,0,0,0,0,0,0,0,0,0,0,0,0,1,0,0,0
adult_drosophila_melanogaster,central_brain,0,ORN_DA4l,"Carlsson et al., 2010",immuno,4,0,0,0,0,0,0,0,0,0,0,0,0,0,0,0,0,0,0,0,0,0,0,0,0,0,0,0,0,0,0,0,0,0,0,0,0,0,0,0,0,1,0,0,0
adult_drosophila_melanogaster,central_brain,0,ORN_DA4l,Yasuyama et al. 1999,immuno,4,0,0,0,0,0,0,0,0,0,0,0,0,0,0,0,0,0,0,0,0,0,0,0,0,0,0,0,0,0,0,0,0,0,0,0,0,0,0,0,0,1,0,0,0
adult_drosophila_melanogaster,central_brain,0,ORN_DL3,"Carlsson et al., 2010",immuno,4,0,0,0,0,0,0,0,0,0,0,0,0,0,0,0,0,0,0,0,0,0,0,0,0,0,0,0,0,0,0,0,0,0,0,0,0,0,0,0,0,1,0,0,0
adult_drosophila_melanogaster,central_brain,0,ORN_DL3,Yasuyama et al. 1999,immuno,4,0,0,0,0,0,0,0,0,0,0,0,0,0,0,0,0,0,0,0,0,0,0,0,0,0,0,0,0,0,0,0,0,0,0,0,0,0,0,0,0,1,0,0,0
adult_drosophila_melanogaster,central_brain,0,ORN_DL4,"Carlsson et al., 2010",immuno,4,0,0,0,0,0,0,0,0,0,0,0,0,0,0,0,0,0,0,0,0,0,0,0,0,0,0,0,0,0,0,0,0,0,0,0,0,0,0,0,0,1,0,0,0
adult_drosophila_melanogaster,central_brain,0,ORN_DL4,Yasuyama et al. 1999,immuno,4,0,0,0,0,0,0,0,0,0,0,0,0,0,0,0,0,0,0,0,0,0,0,0,0,0,0,0,0,0,0,0,0,0,0,0,0,0,0,0,0,1,0,0,0
adult_drosophila_melanogaster,central_brain,0,ORN_DM2,"Carlsson et al., 2010",immuno,4,0,0,0,0,0,0,0,0,0,0,0,0,0,0,0,0,0,0,0,0,0,0,0,0,0,0,0,0,0,0,0,0,0,0,0,0,0,0,0,0,1,0,0,0
adult_drosophila_melanogaster,central_brain,0,ORN_DM2,Yasuyama et al. 1999,immuno,4,0,0,0,0,0,0,0,0,0,0,0,0,0,0,0,0,0,0,0,0,0,0,0,0,0,0,0,0,0,0,0,0,0,0,0,0,0,0,0,0,1,0,0,0
adult_drosophila_melanogaster,central_brain,0,ORN_VA1v,"Carlsson et al., 2010",immuno,4,0,0,0,0,0,0,0,0,0,0,0,0,0,0,0,0,0,0,0,0,0,0,0,0,0,0,0,0,0,0,0,0,0,0,0,0,0,0,0,0,1,0,0,0
adult_drosophila_melanogaster,central_brain,0,ORN_VA1v,Yasuyama et al. 1999,immuno,4,0,0,0,0,0,0,0,0,0,0,0,0,0,0,0,0,0,0,0,0,0,0,0,0,0,0,0,0,0,0,0,0,0,0,0,0,0,0,0,0,1,0,0,0
adult_drosophila_melanogaster,central_brain,0,ORN_VA4,"Carlsson et al., 2010",immuno,4,0,0,0,0,0,0,0,0,0,0,0,0,0,0,0,0,0,0,0,0,0,0,0,0,0,0,0,0,0,0,0,0,0,0,0,0,0,0,0,0,1,0,0,0
adult_drosophila_melanogaster,central_brain,0,ORN_VA4,Yasuyama et al. 1999,immuno,4,0,0,0,0,0,0,0,0,0,0,0,0,0,0,0,0,0,0,0,0,0,0,0,0,0,0,0,0,0,0,0,0,0,0,0,0,0,0,0,0,1,0,0,0
adult_drosophila_melanogaster,central_brain,0,ORN_VA6,"Carlsson et al., 2010",immuno,4,0,0,0,0,0,0,0,0,0,0,0,0,0,0,0,0,0,0,0,0,0,0,0,0,0,0,0,0,0,0,0,0,0,0,0,0,0,0,0,0,1,0,0,0
adult_drosophila_melanogaster,central_brain,0,ORN_VA6,Yasuyama et al. 1999,immuno,4,0,0,0,0,0,0,0,0,0,0,0,0,0,0,0,0,0,0,0,0,0,0,0,0,0,0,0,0,0,0,0,0,0,0,0,0,0,0,0,0,1,0,0,0
adult_drosophila_melanogaster,central_brain,0,ORN_VA7l,"Carlsson et al., 2010",immuno,4,0,0,0,0,0,0,0,0,0,0,0,0,0,0,0,0,0,0,0,0,0,0,0,0,0,0,0,0,0,0,0,0,0,0,0,0,0,0,0,0,1,0,0,0
adult_drosophila_melanogaster,central_brain,0,ORN_VA7l,Yasuyama et al. 1999,immuno,4,0,0,0,0,0,0,0,0,0,0,0,0,0,0,0,0,0,0,0,0,0,0,0,0,0,0,0,0,0,0,0,0,0,0,0,0,0,0,0,0,1,0,0,0
adult_drosophila_melanogaster,central_brain,0,ORN_VC1,"Carlsson et al., 2010",immuno,4,0,0,0,0,0,0,0,0,0,0,0,0,0,0,0,0,0,0,0,0,0,0,0,0,0,0,0,0,0,0,0,0,0,0,0,0,0,0,0,0,1,0,0,0
adult_drosophila_melanogaster,central_brain,0,ORN_VC1,Yasuyama et al. 1999,immuno,4,0,0,0,0,0,0,0,0,0,0,0,0,0,0,0,0,0,0,0,0,0,0,0,0,0,0,0,0,0,0,0,0,0,0,0,0,0,0,0,0,1,0,0,0
adult_drosophila_melanogaster,central_brain,0,ORN_VC2,"Carlsson et al., 2010",immuno,4,0,0,0,0,0,0,0,0,0,0,0,0,0,0,0,0,0,0,0,0,0,0,0,0,0,0,0,0,0,0,0,0,0,0,0,0,0,0,0,0,1,0,0,0
adult_drosophila_melanogaster,central_brain,0,ORN_VC2,Yasuyama et al. 1999,immuno,4,0,0,0,0,0,0,0,0,0,0,0,0,0,0,0,0,0,0,0,0,0,0,0,0,0,0,0,0,0,0,0,0,0,0,0,0,0,0,0,0,1,0,0,0
adult_drosophila_melanogaster,central_brain,0,ORN_VM7d,"Carlsson et al., 2010",immuno,4,0,0,0,0,0,0,0,0,0,0,0,0,0,0,0,0,0,0,0,0,0,0,0,0,0,0,0,0,0,0,0,0,0,0,0,0,0,0,0,0,1,0,0,0
adult_drosophila_melanogaster,central_brain,0,ORN_VM7d,Yasuyama et al. 1999,immuno,4,0,0,0,0,0,0,0,0,0,0,0,0,0,0,0,0,0,0,0,0,0,0,0,0,0,0,0,0,0,0,0,0,0,0,0,0,0,0,0,0,1,0,0,0
adult_drosophila_melanogaster,central_brain,0,ORN_VM7v,"Carlsson et al., 2010",immuno,4,0,0,0,0,0,0,0,0,0,0,0,0,0,0,0,0,0,0,0,0,0,0,0,0,0,0,0,0,0,0,0,0,0,0,0,0,0,0,0,0,1,0,0,0
adult_drosophila_melanogaster,central_brain,0,ORN_VM7v,Yasuyama et al. 1999,immuno,4,0,0,0,0,0,0,0,0,0,0,0,0,0,0,0,0,0,0,0,0,0,0,0,0,0,0,0,0,0,0,0,0,0,0,0,0,0,0,0,0,1,0,0,0
adult_drosophila_melanogaster,central_brain,DM4_dorsal,pC1b,"Kim et al., 2024",immuno,4,0,0,0,0,0,0,0,0,0,0,0,0,0,0,0,0,0,0,0,0,0,0,0,0,0,0,0,0,0,0,0,0,0,0,0,0,0,0,0,0,0,0,0,0
adult_drosophila_melanogaster,central_brain,DM4_dorsal,pC1c,"Kim et al., 2024",immuno,4,0,0,0,0,0,0,0,0,0,0,0,0,0,0,0,0,0,0,0,0,0,0,0,0,0,0,0,0,0,0,0,0,0,0,0,0,0,0,0,0,0,0,0,0
adult_drosophila_melanogaster,central_brain,DM1_CX_d2,PEG,"Wolff et al., 2024",EASI-FISH,2,0,0,0,0,0,0,0,0,0,0,0,0,0,0,0,0,0,0,0,0,0,0,0,0,0,0,0,0,0,0,0,0,0,0,0,0,0,0,0,0,0,1,0,0
adult_drosophila_melanogaster,central_brain,DM1_CX_p,PEN_a(PEN1),"Wolff et al., 2024",EASI-FISH,2,0,0,0,0,0,0,0,0,0,0,0,0,0,0,0,0,0,0,0,1,0,0,0,0,0,0,0,0,0,0,0,0,0,0,0,0,0,0,0,0,0,0,0,0
adult_drosophila_melanogaster,central_brain,DM1_CX_d2,PFGs,"Wolff et al., 2024",EASI-FISH,2,0,0,0,0,0,0,0,0,0,0,0,1,0,0,0,0,0,0,0,0,0,0,0,0,0,0,0,1,0,0,0,0,0,0,0,0,0,0,0,0,0,0,0,0
adult_drosophila_melanogaster,central_brain,DM2_CX_d2,PFL2,"Wolff et al., 2024",EASI-FISH,2,0,0,0,0,0,0,0,0,0,0,0,0,0,0,0,0,0,0,0,0,0,0,0,0,0,0,0,0,0,0,0,0,0,0,0,0,0,0,0,0,0,1,0,0
adult_drosophila_melanogaster,central_brain,DM1_CX_p,"PFNm,PFNp","Wolff et al., 2024",EASI-FISH,2,0,0,0,0,0,0,0,0,0,0,0,0,0,0,0,0,0,0,0,0,0,0,0,0,0,0,0,1,0,0,0,0,0,0,0,0,0,0,0,0,0,0,0,0
adult_drosophila_melanogaster,central_brain,putative_primary,PPL105,Aso et al. 2019,scRNA-seq,1,0,0,0,0,0,0,0,0,0,0,0,0,0,0,0,0,0,0,0,0,0,0,0,0,0,0,0,0,0,0,0,0,0,0,0,0,0,0,0,0,1,0,0,0
adult_drosophila_melanogaster,central_brain,SMPpv2_dorsal,PV7c11,"Reinhard et al., 2021",immuno,4,0,0,0,0,0,0,0,0,0,0,1,0,0,0,0,0,0,0,0,0,0,0,0,0,0,0,0,0,0,0,0,0,0,0,0,0,0,0,0,0,0,0,0,0
adult_drosophila_melanogaster,central_brain,SMPpv2_dorsal,PV7c11,"Reinhard et al., 2023",scRNA-seq,1,1,1,0,0,0,0,0,0,0,0,0,0,0,0,0,0,0,0,0,0,0,0,0,0,0,0,0,0,0,0,0,0,0,0,0,0,0,0,0,0,0,0,0,0
adult_drosophila_melanogaster,central_brain,primary,SEZ_NSC_CAPA,McKim et al. 2024,immuno,4,0,0,0,0,0,0,0,0,0,0,0,0,0,0,0,0,0,0,0,0,0,0,0,0,0,0,0,0,0,1,0,0,0,0,0,0,0,0,0,0,0,0,0,0
adult_drosophila_melanogaster,central_brain,primary,SEZ_NSC_CAPA,"Reinhard et al., 2023",immuno,4,0,0,0,0,1,0,0,0,0,0,0,0,0,0,0,0,0,0,0,0,0,0,0,0,0,0,0,0,0,0,0,0,0,0,0,0,0,0,0,0,0,0,0,0
adult_drosophila_melanogaster,central_brain,putative_primary,SEZ_NSC_Hugin,"Reinhard et al., 2023",immuno,4,0,0,0,0,0,0,0,0,0,0,0,0,0,0,0,0,0,0,0,0,1,0,0,0,0,0,0,0,0,0,0,0,0,0,0,0,0,0,0,0,0,0,0,0
adult_drosophila_melanogaster,central_brain,putative_primary,SLP304,"Yurgel et al., 2019",immuno,4,0,0,0,0,0,0,0,0,0,0,0,0,0,0,0,0,0,0,0,0,0,0,0,0,0,0,1,0,0,0,0,0,0,0,0,0,0,0,0,0,0,0,0,0
adult_drosophila_melanogaster,central_brain,putative_primary,SLP304b,"Yurgel et al., 2019",immuno,4,0,0,0,0,0,0,0,0,0,0,0,0,0,0,0,0,0,0,0,0,0,0,0,0,0,0,1,0,0,0,0,0,0,0,0,0,0,0,0,0,0,0,0,0
adult_drosophila_melanogaster,central_brain,putative_primary,SLP374,"Deng et al., 2019",transgenics,3,0,0,0,0,1,0,0,0,0,0,0,0,0,0,0,0,0,0,0,0,0,0,0,0,0,0,0,0,0,0,0,0,0,0,0,0,0,0,0,0,0,0,0,0
adult_drosophila_melanogaster,central_brain,SLPpm4,SLP438,"Scott et al., 2020",immuno,4,0,0,0,0,0,0,0,0,0,0,0,0,0,0,0,0,0,0,1,0,0,0,0,0,0,0,0,0,0,0,0,0,0,0,0,0,0,0,0,0,0,0,0,0
adult_drosophila_melanogaster,central_brain,putative_primary,SLP444,Zandawala lab,immuno,4,0,0,0,0,0,0,0,0,1,0,0,0,0,0,0,0,0,0,0,0,0,0,0,0,0,0,0,0,0,0,0,0,0,0,0,0,0,0,0,0,1,0,0,0
adult_drosophila_melanogaster,central_brain,0,SLP463,"Reinhard et al., 2023","immuno, intersection",4,0,1,0,0,0,0,0,0,0,0,0,0,0,0,0,0,0,0,0,0,0,0,0,0,0,0,0,0,0,0,0,0,0,0,0,0,0,0,1,0,0,0,0,0
adult_drosophila_melanogaster,central_brain,putative_primary,SMP001,"Vitzthum et al., 1996",immuno,4,1,0,0,0,0,0,0,0,0,0,0,0,0,0,0,0,0,0,0,0,0,0,0,0,0,0,0,0,0,0,0,0,0,0,0,0,0,0,0,0,0,0,0,0
adult_drosophila_melanogaster,central_brain,SMPp&v1_ventral,SMP588,"Scott et al., 2020",immuno,4,0,0,0,0,0,0,0,0,0,0,0,0,0,0,0,0,0,0,1,0,0,0,0,0,0,0,0,0,0,0,0,0,0,0,0,0,0,0,0,0,0,0,0,0
adult_drosophila_melanogaster,central_brain,TRdm,TRdm_50,"Carlsson et al., 2013",immuno,4,0,0,0,0,0,0,0,0,0,0,0,0,0,0,0,0,0,0,0,0,1,0,0,0,0,0,0,0,0,0,0,0,0,0,0,0,0,0,0,0,1,0,0,0
adult_drosophila_melanogaster,neck_connective,putative_primary,DNc01,Martelli et al. 2017,immuno,4,0,0,0,0,0,0,0,0,0,0,0,0,0,0,0,0,0,0,0,0,0,0,0,0,0,0,0,0,0,0,0,0,0,0,0,0,0,0,0,1,0,0,0,0
adult_drosophila_melanogaster,neck_connective,putative_primary,DNc02,Martelli et al. 2017,immuno,4,0,0,0,0,0,0,0,0,0,0,0,0,0,0,0,0,0,0,0,0,0,0,0,0,0,0,0,0,0,0,0,0,0,0,0,0,0,0,0,1,0,0,0,0
adult_drosophila_melanogaster,neck_connective,putative_primary,DNg22,"Song et al., 2023",immuno,4,0,0,0,0,0,0,0,0,0,0,0,0,0,0,0,0,0,0,0,1,0,0,0,0,0,0,0,0,0,0,0,0,0,0,0,0,0,0,0,0,0,0,0,0
adult_drosophila_melanogaster,neck_connective,MX0__prim,DNg26,"Cheong et al., 2023",MCFO,3,0,1,0,0,0,0,0,0,0,0,0,0,0,0,0,0,0,0,0,0,0,0,0,0,0,0,0,0,0,0,0,0,0,0,0,0,0,0,0,0,0,0,0,0
adult_drosophila_melanogaster,neck_connective,MX0__prim,DNg26,Pankratz lab,transgenics,3,0,0,0,0,0,0,0,0,0,0,0,0,0,0,0,0,0,0,0,0,1,0,0,0,0,0,0,0,0,0,0,0,0,0,0,0,0,0,0,0,0,0,0,0
adult_drosophila_melanogaster,neck_connective,putative_primary,DNg30,"Jiang et al., 2013",immuno,4,0,0,0,0,0,0,0,0,0,0,0,0,0,0,0,0,0,0,0,0,0,0,0,0,0,0,0,0,0,0,1,0,0,0,0,0,0,0,0,0,0,0,0,0
adult_drosophila_melanogaster,neck_connective,putative_primary,DNg30,"Scheunemann et al., 2018",immuno,4,0,0,0,0,0,0,0,0,0,0,0,0,0,0,0,0,0,0,0,0,0,0,0,0,0,0,0,1,0,0,0,0,0,0,0,0,0,0,0,0,0,0,0,0
adult_drosophila_melanogaster,neck_connective,MX3,DNg70,"Mollá-Albaladejo et al., 2024","scRNA-seq, unsure",0,0,0,0,0,0,0,0,0,0,0,0,0,0,0,0,0,0,0,0,0,0,0,0,0,0,0,1,0,0,0,0,0,0,0,0,0,0,0,0,0,0,0,0,0
adult_drosophila_melanogaster,neck_connective,putative_primary,DNg80,unknown,immuno,4,0,0,0,0,0,1,0,0,0,0,0,0,0,0,0,0,0,0,0,0,0,0,0,0,0,0,0,0,0,0,0,0,0,0,0,0,0,0,0,0,0,0,0,0
adult_drosophila_melanogaster,neck_connective,0,DNp27,Brown et al. 2024,intersection,3,0,0,0,0,0,0,0,0,0,0,0,0,0,0,0,0,0,0,0,0,0,0,0,0,0,0,0,0,0,0,0,0,0,0,0,0,0,0,0,0,0,0,0,1
adult_drosophila_melanogaster,neck_connective,0,DNp27,"Chen et al., 2015",immuno,4,0,0,0,0,0,0,0,0,0,0,0,0,0,0,0,0,0,0,0,0,0,0,0,0,0,0,0,0,0,0,0,0,0,0,0,0,1,0,0,0,0,0,0,0
adult_drosophila_melanogaster,neck_connective,0,DNp27,"Meiselman et al., 2022",immuno,4,0,1,0,0,0,0,0,0,0,0,0,0,0,0,0,0,0,0,0,0,0,0,0,0,0,0,0,0,0,0,0,0,0,0,0,0,0,0,0,0,0,0,0,0
adult_drosophila_melanogaster,neck_connective,putative_primary,DNp29,"Chiang et al., 2011",MCFO,3,0,0,0,0,0,0,0,0,0,0,0,0,0,0,0,0,1,0,0,0,0,0,0,0,0,0,0,0,0,0,0,0,0,0,0,0,0,0,0,0,0,0,0,0
adult_drosophila_melanogaster,neck_connective,putative_primary,DNp29,Krashes et al. 2009,immuno,4,0,0,0,0,0,0,0,0,0,0,0,0,0,0,0,0,1,0,0,0,0,0,0,0,0,0,0,0,0,0,0,0,0,0,0,0,0,0,0,0,0,0,0,0
adult_drosophila_melanogaster,neck_connective,putative_primary,DNp30,"Soderberg et al., 2012",immuno,4,0,0,0,0,0,0,0,0,0,0,0,0,0,0,0,0,0,1,0,0,0,0,0,0,0,0,0,0,0,0,0,0,0,0,0,0,0,0,0,0,0,0,0,0
adult_drosophila_melanogaster,neck_connective,putative_primary,DNp32,"Carlsson et al., 2010",immuno,4,0,0,0,0,0,0,0,0,0,0,0,0,0,0,0,0,0,0,0,0,0,0,0,0,0,0,0,0,1,0,0,0,0,0,0,0,0,0,0,0,0,0,0,0
adult_drosophila_melanogaster,neck_connective,putative_primary,DNp62,"Soderberg et al., 2012",immuno,4,0,0,0,0,0,0,0,0,0,0,0,0,0,0,0,0,0,1,0,0,0,0,0,0,0,0,0,0,0,0,0,0,0,0,0,0,0,0,0,0,0,0,0,0
adult_drosophila_melanogaster,neck_connective,SMPpv1,DNpe048,"González Segarra et al., 2023",transgenics,3,0,0,0,0,0,1,0,0,0,0,0,0,0,0,0,0,0,0,0,0,0,0,0,0,0,0,0,0,0,0,0,0,0,0,0,0,0,0,0,0,0,0,0,0
adult_drosophila_melanogaster,neck_connective,TBD,EAXXX079,"Chen et al., 2024",immuno,4,0,0,0,0,0,0,0,0,0,0,0,0,0,0,0,0,0,0,0,0,0,0,0,0,0,0,1,0,0,0,0,0,0,0,0,0,0,0,0,0,0,0,0,0
adult_drosophila_melanogaster,neck_connective,27X,MsAHN,"Benett et al.,",scRNA-seq,1,0,0,0,0,0,0,0,0,0,0,0,0,0,0,0,0,0,0,0,0,0,0,0,0,0,0,0,0,0,0,0,0,0,0,0,0,0,0,0,0,0,0,0,0
adult_drosophila_melanogaster,neck_connective,0,MtAHN,"Benett et al.,",scRNA-seq,1,0,0,0,0,0,0,0,0,0,0,0,0,0,0,0,0,0,0,0,0,0,0,0,0,0,0,0,0,0,0,0,0,0,0,0,0,0,0,0,0,0,0,0,0
adult_drosophila_melanogaster,optic_lobe,SLPpl1,LMTe01,"Reinhard et al., 2023",immuno,4,0,1,0,0,0,0,0,0,0,0,0,0,0,0,0,0,0,0,0,0,0,0,0,0,0,0,0,0,0,0,0,0,0,0,0,0,0,0,0,0,0,0,0,0
adult_drosophila_melanogaster,optic_lobe,SLPpl1,LTe71,"Reinhard et al., 2023",immuno,4,0,1,0,0,0,0,0,0,0,0,0,0,0,0,0,0,0,0,0,0,0,0,0,0,0,0,0,0,0,0,0,0,0,0,0,0,0,0,0,0,0,0,0,0
adult_drosophila_melanogaster,optic_lobe,0,Pm05,"Nassel et al., 2008",immuno,4,0,0,0,0,0,0,0,0,0,0,0,0,0,0,0,0,0,0,0,0,0,0,0,0,0,0,0,0,0,0,0,0,0,0,0,0,0,0,0,0,1,0,0,0
adult_drosophila_melanogaster,optic_lobe,0,Pm09,"Vitzthum et al., 1996",immuno,4,1,0,0,0,0,0,0,0,0,0,0,0,0,0,0,0,0,0,0,0,0,0,0,0,0,0,0,0,0,0,0,0,0,0,0,0,0,0,0,0,0,0,0,0
adult_drosophila_melanogaster,optic_lobe,0,s-LNv_a,"Reinhard et al., 2023",scRNA-seq,1,0,0,0,0,0,0,0,0,0,0,0,0,0,0,0,0,0,0,0,0,0,1,0,0,0,0,0,0,0,0,0,0,0,0,0,0,0,0,0,0,0,0,0,0
adult_drosophila_melanogaster,optic_lobe,0,s-LNv_b,"Johard et al., 2019",immuno,4,0,0,0,0,0,0,0,0,0,0,0,0,0,0,0,0,0,0,0,0,0,0,0,0,0,0,0,0,0,0,0,0,0,0,0,0,0,1,0,0,1,0,0,0
adult_drosophila_melanogaster,optic_lobe,0,s-LNv_b,"Reinhard et al., 2023",scRNA-seq,1,0,0,0,0,0,0,0,0,0,0,0,0,0,0,0,0,0,0,0,0,0,0,0,0,0,0,0,0,0,0,0,0,0,0,0,0,0,1,0,0,1,0,0,0
adult_drosophila_melanogaster,optic_lobe,0,Sm22,"Vitzthum et al., 1996",immuno,4,1,0,0,0,0,0,0,0,0,0,0,0,0,0,0,0,0,0,0,0,0,0,0,0,0,0,0,0,0,0,0,0,0,0,0,0,0,0,0,0,0,0,0,0
adult_drosophila_melanogaster,optic_lobe,0,Tm1,"Winther et al., 2003",immuno,4,0,0,0,0,0,0,0,0,0,0,0,0,0,0,0,0,0,0,0,0,0,0,0,0,0,0,0,0,0,0,0,0,0,0,0,0,0,0,0,0,0,0,1,0
adult_drosophila_melanogaster,ventral_nerve_cord,27X,EN27X010,"Lundquist et al., 1990",immuno,4,0,0,0,0,0,0,0,0,0,0,0,0,0,0,0,0,0,0,0,1,0,0,0,0,0,0,0,0,0,0,0,0,0,0,0,0,0,0,0,0,0,0,0,0
adult_drosophila_melanogaster,ventral_nerve_cord,TBD,ENXXX012,"Zandawala et al., 2021",immuno,4,0,0,0,0,1,0,0,0,0,0,0,0,0,0,0,0,0,0,0,0,0,0,0,0,0,0,0,0,0,0,0,0,0,0,0,0,0,0,0,0,0,0,0,0
adult_drosophila_melanogaster,ventral_nerve_cord,TBD,MNad03,Maggio et al. 2023,immuno,4,0,0,0,0,0,0,0,0,0,0,0,0,1,0,0,0,0,0,0,0,0,0,0,0,0,0,1,0,0,0,0,0,0,0,0,0,0,0,0,0,0,0,0,0
adult_drosophila_melanogaster,ventral_nerve_cord,TBD,MNad13,Maggio et al. 2023,immuno,4,0,0,0,0,0,0,0,0,0,0,0,0,1,0,0,0,0,0,0,0,0,0,0,0,0,0,1,0,0,0,0,0,0,0,0,0,0,0,0,0,0,0,0,0
adult_drosophila_melanogaster,ventral_nerve_cord,TBD,MNad18,Maggio et al. 2023,immuno,4,0,0,0,0,0,0,0,0,0,0,0,0,1,0,0,0,0,0,0,0,0,0,0,0,0,0,1,0,0,0,0,0,0,0,0,0,0,0,0,0,0,0,0,0
adult_drosophila_melanogaster,ventral_nerve_cord,TBD,MNad21,Maggio et al. 2023,immuno,4,0,0,0,0,0,0,0,0,0,0,0,0,1,0,0,0,0,0,0,0,0,0,0,0,0,0,1,0,0,0,0,0,0,0,0,0,0,0,0,0,0,0,0,0
adult_drosophila_melanogaster,ventral_nerve_cord,TBD,MNad25,Maggio et al. 2023,immuno,4,0,0,0,0,0,0,0,0,0,0,0,0,1,0,0,0,0,0,0,0,0,0,0,0,0,0,1,0,0,0,0,0,0,0,0,0,0,0,0,0,0,0,0,0
adult_drosophila_melanogaster,ventral_nerve_cord,TBD,MNad27,Maggio et al. 2023,immuno,4,0,0,0,0,0,0,0,0,0,0,0,0,1,0,0,0,0,0,0,0,0,0,0,0,0,0,1,0,0,0,0,0,0,0,0,0,0,0,0,0,0,0,0,0
adult_drosophila_melanogaster,ventral_nerve_cord,TBD,MNad38,Maggio et al. 2023,immuno,4,0,0,0,0,0,0,0,0,0,0,0,0,1,0,0,0,0,0,0,0,0,0,0,0,0,0,1,0,0,0,0,0,0,0,0,0,0,0,0,0,0,0,0,0
adult_drosophila_melanogaster,ventral_nerve_cord,TBD,MNad52,Maggio et al. 2023,immuno,4,0,0,0,0,0,0,0,0,0,0,0,0,1,0,0,0,0,0,0,0,0,0,0,0,0,0,1,0,0,0,0,0,0,0,0,0,0,0,0,0,0,0,0,0
adult_drosophila_melanogaster,ventral_nerve_cord,TBD,MNad59,Maggio et al. 2023,immuno,4,0,0,0,0,0,0,0,0,0,0,0,0,1,0,0,0,0,0,0,0,0,0,0,0,0,0,1,0,0,0,0,0,0,0,0,0,0,0,0,0,0,0,0,0
