id,new_type,dataset,side,current_type,current_type_cn
949045811,9,hemibrain_right,right,FB8B,FB8B
977995787,9,hemibrain_right,right,FB8B,FB8B
885257860,21,hemibrain_right,right,FB8C,FB8C
948363764,21,hemibrain_right,right,FB8C,FB8C
328930845,32,hemibrain_right,right,FB8F,FB8F_a
297178509,"107,22",hemibrain_right,right,FB8F,FB8F_a
328213227,"107,22",hemibrain_right,right,FB8F,FB8F_a
5812979942,"107,22",hemibrain_right,right,FB8F,FB8F_a
5813050758,"107,22",hemibrain_right,right,FB6T,FB6T
296155122,"31,68",hemibrain_right,right,FB8F,FB8F_b
297166053,"31,68",hemibrain_right,right,FB8F,FB8F_b
297519807,"31,68",hemibrain_right,right,FB8F,FB8F_b
325489440,"31,68",hemibrain_right,right,FB8D,FB8D
5813069498,"31,68",hemibrain_right,right,FB8F,FB8F_b
295133452,3,hemibrain_right,right,FB9A,FB9A
295141618,3,hemibrain_right,right,FB9C,FB9C_b
296143798,3,hemibrain_right,right,FB9A,FB9A
451356082,3,hemibrain_right,right,FB9C,FB9C_a
482050067,3,hemibrain_right,right,FB9C,FB9C_b
5813127091,3,hemibrain_right,right,FB9A,FB9A
855250466,3,hemibrain_right,right,FB9C,FB9C_a
295815897,2,hemibrain_right,right,FB9B,FB9B_e
326849964,2,hemibrain_right,right,FB9B,FB9B_c
326870795,2,hemibrain_right,right,FB9B,FB9B_e
885944105,2,hemibrain_right,right,FB9B,FB9B_d
886280235,2,hemibrain_right,right,FB9B,FB9B_d
886280488,2,hemibrain_right,right,FB9B,FB9B_a
886280616,2,hemibrain_right,right,FB9B,FB9B_b
886280641,2,hemibrain_right,right,FB9B,FB9B_a
886626370,2,hemibrain_right,right,FB9B,FB9B_c
266536576,28,hemibrain_right,right,FB7G,FB7G
5813009882,28,hemibrain_right,right,FB7G,FB7G
885262087,48,hemibrain_right,right,FB7I,FB7I
915951662,48,hemibrain_right,right,FB7I,FB7I
329638509,"104,59",hemibrain_right,right,FB7E,FB7E
361364000,"104,59",hemibrain_right,right,FB7E,FB7E
5813071475,"104,59",hemibrain_right,right,FB7E,FB7E
296855409,61,hemibrain_right,right,FB8I,FB8I
296838079,49,hemibrain_right,right,FB8I,FB8I
296851261,49,hemibrain_right,right,FB8G,FB8G
358259842,49,hemibrain_right,right,FB8G,FB8G
421357275,49,hemibrain_right,right,FB8G,FB8G
295820085,30,hemibrain_right,right,FB8E,FB8E
296160764,30,hemibrain_right,right,FB8E,FB8E
296880800,30,hemibrain_right,right,FB8E,FB8E
295477903,"109,94",hemibrain_right,right,FB7M,FB7M
5813010828,"109,94",hemibrain_right,right,FB7C,FB7C
294800293,20,hemibrain_right,right,FB7K,FB7K
327203386,20,hemibrain_right,right,FB7A,FB7A
5813020698,20,hemibrain_right,right,FB7B,FB7B
5813020735,20,hemibrain_right,right,FB7A,FB7A
5813081818,20,hemibrain_right,right,FB7K,FB7K
265120677,7,hemibrain_right,right,FB8A,FB8A
295136778,7,hemibrain_right,right,FB8A,FB8A
885940095,7,hemibrain_right,right,FB8H,FB8H
980391580,7,hemibrain_right,right,FB8A,FB8A
295820069,52,hemibrain_right,right,FB8H,FB8H
885599043,52,hemibrain_right,right,FB8H,FB8H
947685488,65,hemibrain_right,right,FB6K,FB6K
329289084,51,hemibrain_right,right,FB6G,FB6G
5813049824,51,hemibrain_right,right,FB6E,FB6E
5813055834,51,hemibrain_right,right,FB6A,FB6A
5813061495,51,hemibrain_right,right,FB6A,FB6A
946308203,51,hemibrain_right,right,FB6A,FB6A
946641212,51,hemibrain_right,right,FB6D,FB6D
297183251,"33,63",hemibrain_right,right,FB7A,FB7A
452029745,"33,63",hemibrain_right,right,FB6I,FB6I
5813019588,"33,63",hemibrain_right,right,FB6C,FB6C_b
5813057169,"33,63",hemibrain_right,right,FB6C,FB6C_b
946645313,"33,63",hemibrain_right,right,FB6C,FB6C_a
5813020684,81,hemibrain_right,right,FB6H,FB6H
979065964,35,hemibrain_right,right,FB6Z,FB6Z
513788774,38,hemibrain_right,right,FB6F,FB6F
884916654,55,hemibrain_right,right,FB7L,FB7L
885262311,55,hemibrain_right,right,FB7L,FB7L
915610561,92,hemibrain_right,right,FB6B,FB6B
1008378609,37,hemibrain_right,right,FB5Y,FB5Y
977338882,37,hemibrain_right,right,FB5Y,FB5Y
1011068028,75,hemibrain_right,right,FB6R,FB6R
1070797450,75,hemibrain_right,right,FB5B,FB5B
548571023,75,hemibrain_right,right,FB5B,FB5B
360319323,"79,95",hemibrain_right,right,FB6Q,FB6Q
487523851,"79,95",hemibrain_right,right,FB5B,FB5B
454089465,66,hemibrain_right,right,FB6Y,FB6Y
576208238,66,hemibrain_right,right,FB6R,FB6R
359637824,86,hemibrain_right,right,FB6T,FB6T
298927224,117,hemibrain_right,right,FB7F,FB7F
5812980148,117,hemibrain_right,right,FB6S,FB6S
330661573,89,hemibrain_right,right,FB6S,FB6S
455456949,89,hemibrain_right,right,FB6S,FB6S
673746277,99,hemibrain_right,right,FB4N,FB4N
548907426,90,hemibrain_right,right,FB4X,FB4X
362715189,87,hemibrain_right,right,FB5H,FB5H
423770604,113,hemibrain_right,right,FB5I,FB5I
5813047763,88,hemibrain_right,right,FB5AB,FB5AB
5813060701,111,hemibrain_right,right,FB5AA,FB5AA
1071121755,54,hemibrain_right,right,FB6W,FB6W
642365841,54,hemibrain_right,right,FB5Z,FB5Z
977006924,54,hemibrain_right,right,FB5Z,FB5Z
578936675,74,hemibrain_right,right,FB5G,FB5G
607933758,74,hemibrain_right,right,FB5Q,FB5Q
640665331,74,hemibrain_right,right,FB5Q,FB5Q
297908595,45,hemibrain_right,right,FB5G,FB5G
329983926,45,hemibrain_right,right,FB5G,FB5G
514807275,45,hemibrain_right,right,FB5G,FB5G
422742649,110,hemibrain_right,right,FB6X,FB6X
915960293,100,hemibrain_right,right,FB6V,FB6V
977002744,100,hemibrain_right,right,FB6U,FB6U
298944444,56,hemibrain_right,right,FB6U,FB6U
1220800405,82,hemibrain_right,right,FB6M,FB6M
978673646,82,hemibrain_right,right,FB6M,FB6M
1012112398,1,hemibrain_right,right,FB7D,FB7D
885599260,1,hemibrain_right,right,FB7J,FB7J
915610725,1,hemibrain_right,right,FB7J,FB7J
916305683,1,hemibrain_right,right,FB7D,FB7D
1009759779,16,hemibrain_right,right,FB6J,FB6J
1010778549,16,hemibrain_right,right,FB6J,FB6J
1041446765,16,hemibrain_right,right,FB6K,FB6K
5813041705,16,hemibrain_right,right,FB6J,FB6J
916305728,16,hemibrain_right,right,FB6J,FB6J
1012112486,8,hemibrain_right,right,FB5S,FB5S
1012112513,8,hemibrain_right,right,FB5U,FB5U
1012449420,8,hemibrain_right,right,FB6L,FB6L
1070810640,8,hemibrain_right,right,FB5S,FB5S
1074859771,8,hemibrain_right,right,FB5R,FB5R
1074860306,8,hemibrain_right,right,FB4Z,FB4Z
1132884644,8,hemibrain_right,right,FB5R,FB5R
916288036,8,hemibrain_right,right,FB6L,FB6L
946658448,8,hemibrain_right,right,FB6L,FB6L
977995796,8,hemibrain_right,right,FB5U,FB5U
978336697,8,hemibrain_right,right,FB5R,FB5R
980737209,8,hemibrain_right,right,FB5S,FB5S
1074860632,6,hemibrain_right,right,FB4Z,FB4Z
1074860678,6,hemibrain_right,right,FB4Z,FB4Z
1105886434,6,hemibrain_right,right,FB4Z,FB4Z
1321430335,6,hemibrain_right,right,FB4Z,FB4Z
5812987457,6,hemibrain_right,right,FB4Z,FB4Z
947988379,6,hemibrain_right,right,FB4Z,FB4Z
977654923,6,hemibrain_right,right,FB4Z,FB4Z
1131831822,00468889,hemibrain_right,right,FB3A,FB3A
1162529693,00468889,hemibrain_right,right,FB3A,FB3A
1131831702,61c4c3c9,hemibrain_right,right,FB4K,FB4K
923809011,61c4c3c9,hemibrain_right,right,FB4K,FB4K
953414780,60,hemibrain_right,right,FB4H,FB4H
1051980223,17,hemibrain_right,right,FB4F,FB4F_a
1109599486,17,hemibrain_right,right,FB4J,FB4J
1131822592,17,hemibrain_right,right,FB4I,FB4I
1132526832,17,hemibrain_right,right,FB4F,FB4F_b
1162862710,17,hemibrain_right,right,FB4F,FB4F_a
5812983883,17,hemibrain_right,right,FB4F,FB4F_a
5813065004,17,hemibrain_right,right,FB4F,FB4F_a
988567837,17,hemibrain_right,right,FB4G,FB4G
1019607245,23,hemibrain_right,right,FB4E,FB4E
1051280385,23,hemibrain_right,right,FB4E,FB4E
1131831990,23,hemibrain_right,right,FB4E,FB4E
1226296238,23,hemibrain_right,right,FB4E,FB4E
5812983538,23,hemibrain_right,right,FB4E,FB4E
832016427,23,hemibrain_right,right,FB4F,FB4F_a
5813071020,"116,72",hemibrain_right,right,FB5W,FB5W
5813087837,"116,72",hemibrain_right,right,FB4A,FB4A
860305498,9a3c7e48,hemibrain_right,right,FB6N,FB6N
915605943,9a3c7e48,hemibrain_right,right,FB6P,FB6P
1008024276,"114,96",hemibrain_right,right,FB5N,FB5N
5812980666,"114,96",hemibrain_right,right,FB5K,FB5K
766863785,"114,96",hemibrain_right,right,FB5J,FB5J
977339122,"114,96",hemibrain_right,right,FB5L,FB5L
5813053851,85,hemibrain_right,right,FB5W,FB5W
922069357,85,hemibrain_right,right,FB5W,FB5W
957506896,85,hemibrain_right,right,FB5W,FB5W
1070426862,101,hemibrain_right,right,FB5M,FB5M
1008378448,29,hemibrain_right,right,FB4Y,FB4Y
5813027016,29,hemibrain_right,right,FB4Y,FB4Y
1131827390,0,hemibrain_right,right,FB4M,FB4M
1289359184,0,hemibrain_right,right,FB4M,FB4M
5813062858,83,hemibrain_right,right,FB1H,FB1H
1225290633,112,hemibrain_right,right,FB4C,FB4C
1100801188,67,hemibrain_right,right,FB4D,FB4D
858933153,67,hemibrain_right,right,FB4A,FB4A
858937324,67,hemibrain_right,right,FB4D,FB4D
859618655,67,hemibrain_right,right,FB4D,FB4D
1162871168,76,hemibrain_right,right,FB4A,FB4A
1225290240,76,hemibrain_right,right,FB4A,FB4A
1020280792,25,hemibrain_right,right,FB5V,FB5V
1050266721,25,hemibrain_right,right,FB5V,FB5V
1050935614,25,hemibrain_right,right,FB5V,FB5V
1113371822,25,hemibrain_right,right,FB5V,FB5V
1163898298,25,hemibrain_right,right,FB5V,FB5V
864073833,25,hemibrain_right,right,FB5V,FB5V
926490072,25,hemibrain_right,right,FB5V,FB5V
988909130,25,hemibrain_right,right,FB5V,FB5V
989228019,25,hemibrain_right,right,FB5V,FB5V
1131840673,64,hemibrain_right,right,FB4R,FB4R
5812983846,64,hemibrain_right,right,FB4P,FB4P_b
1016192580,40,hemibrain_right,right,FB4O,FB4O
5813075748,40,hemibrain_right,right,FB4P,FB4P_b
5813079193,40,hemibrain_right,right,FB4P,FB4P_b
768224139,40,hemibrain_right,right,FB4O,FB4O
862036858,40,hemibrain_right,right,FB4P,FB4P_b
614081151,19,hemibrain_right,right,FB5A,FB5A
707539688,19,hemibrain_right,right,FB5A,FB5A
828934059,105,hemibrain_right,right,FB5T,FB5T
1101474458,24,hemibrain_right,right,FB4P,FB4P_a
890671753,24,hemibrain_right,right,FB5D,FB5D
893741163,24,hemibrain_right,right,FB4P,FB4P_a
1132168616,34,hemibrain_right,right,FB4Q,FB4Q_b
859977121,34,hemibrain_right,right,FB4Q,FB4Q_a
1168603800,41,hemibrain_right,right,FB4Q,FB4Q_b
705118017,41,hemibrain_right,right,FB5X,FB5X
768932330,41,hemibrain_right,right,FB5X,FB5X
1101487727,93,hemibrain_right,right,FB5X,FB5X
705463539,93,hemibrain_right,right,FB5F,FB5F
5813021247,39,hemibrain_right,right,FB5E,FB5E
1039080957,80,hemibrain_right,right,FB5P,FB5P
1102191395,80,hemibrain_right,right,FB5P,FB5P
1039400642,106,hemibrain_right,right,FB5O,FB5O
486842208,102,hemibrain_right,right,FB5C,FB5C
978366493,73,hemibrain_right,right,FB6O,FB6O
1009375310,58,hemibrain_right,right,FB7H,FB7H
885598938,58,hemibrain_right,right,FB1J,FB1J
916628962,58,hemibrain_right,right,FB1I,FB1I
295473813,71,hemibrain_right,right,SAF,SAF
296497316,71,hemibrain_right,right,SAF,SAF
388246273,71,hemibrain_right,right,SAF,SAF
296514350,97,hemibrain_right,right,FB1B,FB1B
358251878,97,hemibrain_right,right,FB1B,FB1B
390667603,84,hemibrain_right,right,FB1A,FB1A
421698065,84,hemibrain_right,right,FB1A,FB1A
5813010148,84,hemibrain_right,right,FB1F,FB1F
642715622,78,hemibrain_right,right,FB2C,FB2C
766864238,78,hemibrain_right,right,FB2C,FB2C
858604252,78,hemibrain_right,right,FB2C,FB2C
5813011125,108,hemibrain_right,right,FB2L,FB2L
1075827302,12,hemibrain_right,right,FB2D,FB2D
1194246820,12,hemibrain_right,right,FB2D,FB2D
734801540,12,hemibrain_right,right,FB2D,FB2D
1224591262,77,hemibrain_right,right,FB2K,FB2K
5813058333,91,hemibrain_right,right,FB2K,FB2K
1287360108,115,hemibrain_right,right,FB2K,FB2K
1417573898,115,hemibrain_right,right,FB3D,FB3D
1106857669,103,hemibrain_right,right,FB4B,FB4B
1075499064,10,hemibrain_right,right,FB3C,FB3C
1193560469,10,hemibrain_right,right,FB3C,FB3C
1224590555,10,hemibrain_right,right,FB3C,FB3C
1224591253,10,hemibrain_right,right,FB3E,FB3E
5813045216,10,hemibrain_right,right,FB3C,FB3C
5813057963,11,hemibrain_right,right,FB3B,FB3B
1225640135,98,hemibrain_right,right,FB4L,FB4L
5813041180,98,hemibrain_right,right,FB4L,FB4L
579268807,47,hemibrain_right,right,FB1C,FB1C
5813055913,47,hemibrain_right,right,FB1C,FB1C
1224595273,15,hemibrain_right,right,FB2A,FB2A
1224941044,15,hemibrain_right,right,FB2A,FB2A
1255297788,69,hemibrain_right,right,FB2B,FB2B_a
5813060787,69,hemibrain_right,right,FB2B,FB2B_a
1224595673,14,hemibrain_right,right,FB2B,FB2B_b
677182018,14,hemibrain_right,right,FB2B,FB2B_b
513784136,36,hemibrain_right,right,FB1G,FB1G
1168283924,62,hemibrain_right,right,FB2G,FB2G_b
452401246,62,hemibrain_right,right,FB2G,FB2G_b
1224258904,18,hemibrain_right,right,FB2F,FB2F_b
1255630284,18,hemibrain_right,right,FB2M,FB2M
1255630350,18,hemibrain_right,right,FB2M,FB2M
1255634702,18,hemibrain_right,right,FB2M,FB2M
546852112,18,hemibrain_right,right,FB2F,FB2F_b
640298617,18,hemibrain_right,right,FB2F,FB2F_b
700999023,18,hemibrain_right,right,FB2F,FB2F_c
981362334,18,hemibrain_right,right,FB2G,FB2G_a
949986251,43,hemibrain_right,right,FB2F,FB2F_c
1224595608,42,hemibrain_right,right,FB2F,FB2F_a
453765256,42,hemibrain_right,right,FB2F,FB2F_a
670651346,42,hemibrain_right,right,FB2F,FB2F_a
5813078563,27,hemibrain_right,right,FB2H,FB2H_a
732034061,27,hemibrain_right,right,FB2H,FB2H_b
1255979929,57,hemibrain_right,right,FB2J,FB2J
730337785,26,hemibrain_right,right,FB2J,FB2J
789308735,26,hemibrain_right,right,FB2I,FB2I_b
760686202,50,hemibrain_right,right,FB2E,FB2E
1168625046,"13,44,46",hemibrain_right,right,FB2E,FB2E
1224595644,"13,44,46",hemibrain_right,right,FB2I,FB2I_a
1255289329,"13,44,46",hemibrain_right,right,FB2I,FB2I_a
1286323786,"13,44,46",hemibrain_right,right,FB2I,FB2I_a
575845494,"13,44,46",hemibrain_right,right,FB2I,FB2I_a
667931999,"13,44,46",hemibrain_right,right,FB2I,FB2I_a
1224254199,53,hemibrain_right,right,FB1E,FB1E_a
1293468282,53,hemibrain_right,right,FB1E,FB1E_a
265120597,4,hemibrain_right,right,FB1D,FB1D
294791509,4,hemibrain_right,right,FB1D,FB1D
295136965,4,hemibrain_right,right,FB1E,FB1E_b
720575940610069550,9,FAFB,right,FB8B,FB8B
720575940612079795,9,FAFB,right,FB8B,FB8B
720575940622651656,9,FAFB,left,FB8B,FB8B
720575940645255476,9,FAFB,right,FB8B,FB8B
720575940652083190,9,FAFB,left,FB8B,FB8B
720575940617077533,21,FAFB,right,FB8C,FB8C
720575940622268952,21,FAFB,right,,
720575940633676479,21,FAFB,left,FB8C,FB8C
720575940640008400,21,FAFB,left,FB8C,FB8C
720575940613322207,32,FAFB,left,"FB6S,FB6T,FB7C,FB7F,FB7M,FB8D,FB8F","FB6S,FB6T,FB7C,FB7F,FB7M,FB8D,FB8F"
720575940625156745,32,FAFB,left,"FB6S,FB6T,FB7C,FB7F,FB7M,FB8D,FB8F","FB6S,FB6T,FB7C,FB7F,FB7M,FB8D,FB8F"
720575940625390266,32,FAFB,right,"FB6S,FB6T,FB7C,FB7F,FB7M,FB8D,FB8F","FB6S,FB6T,FB7C,FB7F,FB7M,FB8D,FB8F"
720575940628909950,32,FAFB,left,"FB6S,FB6T,FB7C,FB7F,FB7M,FB8D,FB8F","FB6S,FB6T,FB7C,FB7F,FB7M,FB8D,FB8F"
720575940630815059,32,FAFB,right,"FB6S,FB6T,FB7C,FB7F,FB7M,FB8D,FB8F","FB6S,FB6T,FB7C,FB7F,FB7M,FB8D,FB8F"
720575940607001045,"107,22",FAFB,right,"FB6S,FB6T,FB7C,FB7F,FB7M,FB8D,FB8F","FB6S,FB6T,FB7C,FB7F,FB7M,FB8D,FB8F"
720575940617180955,"107,22",FAFB,right,"FB6S,FB6T,FB7C,FB7F,FB7M,FB8D,FB8F","FB6S,FB6T,FB7C,FB7F,FB7M,FB8D,FB8F"
720575940620946893,"107,22",FAFB,left,"FB6S,FB6T,FB7C,FB7F,FB7M,FB8D,FB8F","FB6S,FB6T,FB7C,FB7F,FB7M,FB8D,FB8F"
720575940622873095,"107,22",FAFB,left,"FB6S,FB6T,FB7C,FB7F,FB7M,FB8D,FB8F","FB6S,FB6T,FB7C,FB7F,FB7M,FB8D,FB8F"
720575940630982712,"107,22",FAFB,left,"FB6S,FB6T,FB7C,FB7F,FB7M,FB8D,FB8F","FB6S,FB6T,FB7C,FB7F,FB7M,FB8D,FB8F"
720575940633177696,"107,22",FAFB,left,"FB6S,FB6T,FB7C,FB7F,FB7M,FB8D,FB8F","FB6S,FB6T,FB7C,FB7F,FB7M,FB8D,FB8F"
720575940634539877,"107,22",FAFB,right,"FB6S,FB6T,FB7C,FB7F,FB7M,FB8D,FB8F","FB6S,FB6T,FB7C,FB7F,FB7M,FB8D,FB8F"
720575940637791549,"107,22",FAFB,right,"FB6S,FB6T,FB7C,FB7F,FB7M,FB8D,FB8F","FB6S,FB6T,FB7C,FB7F,FB7M,FB8D,FB8F"
720575940618424149,"31,68",FAFB,left,"FB6S,FB6T,FB7C,FB7F,FB7M,FB8D,FB8F","FB6S,FB6T,FB7C,FB7F,FB7M,FB8D,FB8F"
720575940619927322,"31,68",FAFB,right,"FB6S,FB6T,FB7C,FB7F,FB7M,FB8D,FB8F","FB6S,FB6T,FB7C,FB7F,FB7M,FB8D,FB8F"
720575940620317210,"31,68",FAFB,left,"FB9A,FB9C","FB9A,FB9C"
720575940623298535,"31,68",FAFB,left,"FB6S,FB6T,FB7C,FB7F,FB7M,FB8D,FB8F","FB6S,FB6T,FB7C,FB7F,FB7M,FB8D,FB8F"
720575940626327046,"31,68",FAFB,left,"FB6S,FB6T,FB7C,FB7F,FB7M,FB8D,FB8F","FB6S,FB6T,FB7C,FB7F,FB7M,FB8D,FB8F"
720575940628569196,"31,68",FAFB,right,,
720575940630293445,"31,68",FAFB,right,"FB6S,FB6T,FB7C,FB7F,FB7M,FB8D,FB8F","FB6S,FB6T,FB7C,FB7F,FB7M,FB8D,FB8F"
720575940630736170,"31,68",FAFB,left,"FB6S,FB6T,FB7C,FB7F,FB7M,FB8D,FB8F","FB6S,FB6T,FB7C,FB7F,FB7M,FB8D,FB8F"
720575940636996324,"31,68",FAFB,left,"FB6S,FB6T,FB7C,FB7F,FB7M,FB8D,FB8F","FB6S,FB6T,FB7C,FB7F,FB7M,FB8D,FB8F"
720575940637503603,"31,68",FAFB,right,"FB6S,FB6T,FB7C,FB7F,FB7M,FB8D,FB8F","FB6S,FB6T,FB7C,FB7F,FB7M,FB8D,FB8F"
720575940637969222,"31,68",FAFB,right,"FB6S,FB6T,FB7C,FB7F,FB7M,FB8D,FB8F","FB6S,FB6T,FB7C,FB7F,FB7M,FB8D,FB8F"
720575940613794060,3,FAFB,right,"FB9A,FB9C","FB9A,FB9C"
720575940619918369,3,FAFB,left,"FB9A,FB9C","FB9A,FB9C"
720575940621042712,3,FAFB,right,"FB9A,FB9C","FB9A,FB9C"
720575940623066126,3,FAFB,left,"FB9A,FB9C","FB9A,FB9C"
720575940625630993,3,FAFB,right,"FB9A,FB9C","FB9A,FB9C"
720575940626526986,3,FAFB,left,"FB9A,FB9C","FB9A,FB9C"
720575940626740243,3,FAFB,left,"FB9A,FB9C","FB9A,FB9C"
720575940627046479,3,FAFB,left,"FB9A,FB9C","FB9A,FB9C"
720575940628668610,3,FAFB,right,"FB9A,FB9C","FB9A,FB9C"
720575940629372747,3,FAFB,left,"FB9A,FB9C","FB9A,FB9C"
720575940629391179,3,FAFB,left,"FB9A,FB9C","FB9A,FB9C"
720575940630145071,3,FAFB,right,"FB9A,FB9C","FB9A,FB9C"
720575940632677331,3,FAFB,right,"FB9A,FB9C","FB9A,FB9C"
720575940634655924,3,FAFB,right,"FB9A,FB9C","FB9A,FB9C"
720575940611205850,2,FAFB,left,FB9B,FB9B
720575940611912362,2,FAFB,left,FB9B,FB9B
720575940612892306,2,FAFB,left,FB9B,FB9B
720575940617193886,2,FAFB,right,FB9B,FB9B
720575940619768191,2,FAFB,left,FB9B,FB9B
720575940620099617,2,FAFB,right,FB9B,FB9B
720575940620296289,2,FAFB,left,FB9B,FB9B
720575940621372713,2,FAFB,left,FB9B,FB9B
720575940622085389,2,FAFB,right,FB9B,FB9B
720575940623436531,2,FAFB,right,FB9B,FB9B
720575940624341436,2,FAFB,left,FB9B,FB9B
720575940624773916,2,FAFB,right,FB9B,FB9B
720575940625863336,2,FAFB,right,FB9B,FB9B
720575940625952584,2,FAFB,right,FB9B,FB9B
720575940626397127,2,FAFB,left,FB9B,FB9B
720575940626561448,2,FAFB,right,FB9B,FB9B
720575940628805327,2,FAFB,left,FB9B,FB9B
720575940629957432,2,FAFB,right,FB9B,FB9B
720575940630111628,2,FAFB,left,FB9B,FB9B
720575940630329820,2,FAFB,left,FB9B,FB9B
720575940644614947,2,FAFB,right,FB9B,FB9B
720575940604074174,28,FAFB,left,,
720575940619615936,28,FAFB,right,,
720575940621084796,28,FAFB,left,,
720575940638852048,28,FAFB,right,,
720575940619718022,48,FAFB,left,,
720575940620203340,48,FAFB,left,,
720575940623759591,48,FAFB,right,,
720575940624437735,48,FAFB,right,,
720575940626138008,48,FAFB,right,,
720575940627194267,48,FAFB,right,,
720575940627723338,48,FAFB,left,,
720575940631086649,48,FAFB,right,,
720575940631958829,48,FAFB,left,,
720575940614314146,"104,59",FAFB,left,,
720575940625535621,"104,59",FAFB,left,,
720575940626012072,"104,59",FAFB,right,,
720575940635223152,"104,59",FAFB,left,,
720575940648482425,"104,59",FAFB,right,,
720575940651565558,"104,59",FAFB,right,,
720575940612012566,61,FAFB,left,,
720575940613151911,61,FAFB,right,,
720575940616491193,61,FAFB,right,,
720575940624449428,61,FAFB,left,,
720575940635395429,61,FAFB,right,,
720575940604798910,49,FAFB,left,,
720575940608745006,49,FAFB,right,,
720575940612421101,49,FAFB,right,,
720575940618884693,49,FAFB,left,,
720575940626090782,49,FAFB,right,,
720575940629500380,49,FAFB,left,,
720575940613711614,30,FAFB,right,,
720575940616811584,30,FAFB,right,,
720575940620245926,30,FAFB,left,,
720575940628893945,30,FAFB,right,,
720575940633736602,30,FAFB,left,,
720575940610237394,"109,94",FAFB,left,"FB6S,FB6T,FB7C,FB7F,FB7M,FB8D,FB8F","FB6S,FB6T,FB7C,FB7F,FB7M,FB8D,FB8F"
720575940616027037,"109,94",FAFB,right,"FB6S,FB6T,FB7C,FB7F,FB7M,FB8D,FB8F","FB6S,FB6T,FB7C,FB7F,FB7M,FB8D,FB8F"
720575940621629910,"109,94",FAFB,right,"FB6S,FB6T,FB7C,FB7F,FB7M,FB8D,FB8F","FB6S,FB6T,FB7C,FB7F,FB7M,FB8D,FB8F"
720575940624602957,"109,94",FAFB,left,"FB6S,FB6T,FB7C,FB7F,FB7M,FB8D,FB8F","FB6S,FB6T,FB7C,FB7F,FB7M,FB8D,FB8F"
720575940638888819,"109,94",FAFB,right,"FB6S,FB6T,FB7C,FB7F,FB7M,FB8D,FB8F","FB6S,FB6T,FB7C,FB7F,FB7M,FB8D,FB8F"
720575940612760994,20,FAFB,right,"FB7A,FB7K","FB7A,FB7K"
720575940616511813,20,FAFB,left,"FB7A,FB7K","FB7A,FB7K"
720575940617812273,20,FAFB,right,"FB7A,FB7K","FB7A,FB7K"
720575940619673222,20,FAFB,left,"FB7A,FB7K","FB7A,FB7K"
720575940626485514,20,FAFB,right,"FB7A,FB7K","FB7A,FB7K"
720575940626612254,20,FAFB,right,FB7B,FB7B
720575940628014441,20,FAFB,left,"FB7A,FB7K","FB7A,FB7K"
720575940628621563,20,FAFB,right,"FB7A,FB7K","FB7A,FB7K"
720575940628809687,20,FAFB,left,"FB7A,FB7K","FB7A,FB7K"
720575940637242421,20,FAFB,right,"FB7A,FB7K","FB7A,FB7K"
720575940642476448,20,FAFB,left,FB7B,FB7B
720575940613260178,7,FAFB,right,"FB8A,FB8H","FB8A,FB8H"
720575940613748895,7,FAFB,left,"FB8A,FB8H","FB8A,FB8H"
720575940613818690,7,FAFB,left,"FB8A,FB8H","FB8A,FB8H"
720575940614639035,7,FAFB,left,"FB8A,FB8H","FB8A,FB8H"
720575940618174447,7,FAFB,right,"FB8A,FB8H","FB8A,FB8H"
720575940619084891,7,FAFB,right,"FB8A,FB8H","FB8A,FB8H"
720575940623325932,7,FAFB,left,"FB8A,FB8H","FB8A,FB8H"
720575940625328842,7,FAFB,right,"FB8A,FB8H","FB8A,FB8H"
720575940626479674,7,FAFB,left,"FB8A,FB8H","FB8A,FB8H"
720575940627777527,7,FAFB,left,"FB8A,FB8H","FB8A,FB8H"
720575940633936279,7,FAFB,left,"FB8A,FB8H","FB8A,FB8H"
720575940634376440,7,FAFB,right,"FB8A,FB8H","FB8A,FB8H"
720575940638305853,7,FAFB,right,"FB8A,FB8H","FB8A,FB8H"
720575940603676844,52,FAFB,left,FB7L,FB7L
720575940623217132,52,FAFB,left,"FB8A,FB8H","FB8A,FB8H"
720575940623450382,52,FAFB,right,"FB8A,FB8H","FB8A,FB8H"
720575940630007237,52,FAFB,right,"FB8A,FB8H","FB8A,FB8H"
720575940635640974,52,FAFB,right,"FB8A,FB8H","FB8A,FB8H"
720575940613128623,65,FAFB,left,,
720575940617978526,65,FAFB,right,FB6K,FB6K
720575940620417797,65,FAFB,right,FB6K,FB6K
720575940623536398,65,FAFB,left,FB6K,FB6K
720575940608278620,51,FAFB,right,,
720575940610418638,51,FAFB,left,,
720575940620130032,51,FAFB,left,,
720575940620159398,51,FAFB,right,,
720575940622159240,51,FAFB,left,,
720575940624290232,51,FAFB,right,,
720575940625566608,51,FAFB,left,,
720575940625918851,51,FAFB,left,,
720575940633412762,51,FAFB,right,,
720575940650510070,51,FAFB,right,,
720575940603920928,"33,63",FAFB,left,,
720575940609079854,"33,63",FAFB,left,,
720575940617433627,"33,63",FAFB,left,,
720575940618945985,"33,63",FAFB,left,,
720575940620664560,"33,63",FAFB,right,,
720575940624307658,"33,63",FAFB,left,,
720575940626753935,"33,63",FAFB,left,,
720575940627227654,"33,63",FAFB,right,,
720575940628165019,"33,63",FAFB,left,,
720575940630980409,"33,63",FAFB,right,,
720575940631839827,"33,63",FAFB,left,,
720575940636381673,"33,63",FAFB,right,,
720575940638278333,"33,63",FAFB,right,,
720575940645464099,"33,63",FAFB,right,,
720575940613052200,81,FAFB,left,FB6H,FB6H
720575940630840493,81,FAFB,right,FB6H,FB6H
720575940617047297,35,FAFB,left,FB6Z,FB6Z
720575940625667721,35,FAFB,right,FB6Z,FB6Z
720575940613982514,38,FAFB,left,FB6F,FB6F
720575940626140420,38,FAFB,right,FB6F,FB6F
720575940613132178,55,FAFB,right,FB7L,FB7L
720575940624892858,55,FAFB,left,FB7L,FB7L
720575940632735584,55,FAFB,right,FB7L,FB7L
720575940638709632,55,FAFB,left,FB7L,FB7L
720575940614018722,92,FAFB,left,,
720575940628174415,92,FAFB,right,,
720575940619323472,37,FAFB,right,FB5Y,FB5Y
720575940621542424,37,FAFB,left,FB5Y,FB5Y
720575940624073452,37,FAFB,right,FB5Y,FB5Y
720575940644178468,37,FAFB,left,FB5Y,FB5Y
720575940617553112,75,FAFB,left,FB5B,FB5B
720575940630306095,75,FAFB,left,FB5B,FB5B
720575940634308959,75,FAFB,right,FB5B,FB5B
720575940637057614,75,FAFB,right,FB5B,FB5B
720575940637260622,75,FAFB,left,,
720575940614298474,"79,95",FAFB,right,FB6Q,FB6Q
720575940630089031,"79,95",FAFB,right,FB5B,FB5B
720575940631824332,"79,95",FAFB,left,FB5B,FB5B
720575940658155393,"79,95",FAFB,left,FB6Q,FB6Q
720575940604349630,66,FAFB,right,,
720575940607613707,66,FAFB,left,,
720575940626408177,66,FAFB,right,,
720575940632769175,66,FAFB,left,,
720575940610973413,86,FAFB,left,"FB6S,FB6T,FB7C,FB7F,FB7M,FB8D,FB8F","FB6S,FB6T,FB7C,FB7F,FB7M,FB8D,FB8F"
720575940614298730,86,FAFB,right,"FB6S,FB6T,FB7C,FB7F,FB7M,FB8D,FB8F","FB6S,FB6T,FB7C,FB7F,FB7M,FB8D,FB8F"
720575940652886177,86,FAFB,right,"FB6S,FB6T,FB7C,FB7F,FB7M,FB8D,FB8F","FB6S,FB6T,FB7C,FB7F,FB7M,FB8D,FB8F"
720575940623026876,117,FAFB,right,"FB6S,FB6T,FB7C,FB7F,FB7M,FB8D,FB8F","FB6S,FB6T,FB7C,FB7F,FB7M,FB8D,FB8F"
720575940624841703,117,FAFB,left,"FB6S,FB6T,FB7C,FB7F,FB7M,FB8D,FB8F","FB6S,FB6T,FB7C,FB7F,FB7M,FB8D,FB8F"
720575940629345527,117,FAFB,right,"FB6S,FB6T,FB7C,FB7F,FB7M,FB8D,FB8F","FB6S,FB6T,FB7C,FB7F,FB7M,FB8D,FB8F"
720575940612172339,89,FAFB,right,"FB6S,FB6T,FB7C,FB7F,FB7M,FB8D,FB8F","FB6S,FB6T,FB7C,FB7F,FB7M,FB8D,FB8F"
720575940618292901,89,FAFB,right,"FB6S,FB6T,FB7C,FB7F,FB7M,FB8D,FB8F","FB6S,FB6T,FB7C,FB7F,FB7M,FB8D,FB8F"
720575940624638908,89,FAFB,left,"FB6S,FB6T,FB7C,FB7F,FB7M,FB8D,FB8F","FB6S,FB6T,FB7C,FB7F,FB7M,FB8D,FB8F"
720575940630286639,89,FAFB,left,"FB6S,FB6T,FB7C,FB7F,FB7M,FB8D,FB8F","FB6S,FB6T,FB7C,FB7F,FB7M,FB8D,FB8F"
720575940638027497,99,FAFB,left,FB4N,FB4N
720575940639410291,99,FAFB,right,FB4N,FB4N
720575940618308987,90,FAFB,right,FB4X,FB4X
720575940622462173,90,FAFB,left,FB4X,FB4X
720575940604451505,87,FAFB,right,FB5H,FB5H
720575940625787536,87,FAFB,left,FB5H,FB5H
720575940608783452,113,FAFB,left,FB5I,FB5I
720575940623649097,113,FAFB,right,FB5I,FB5I
720575940632212039,88,FAFB,left,FB5AB,FB5AB
720575940657580417,88,FAFB,right,,
720575940605480806,111,FAFB,left,"FB5C,FB5D,FB5E,FB5F,FB5G,FB5O,FB5P,FB5Q,FB5X,FB5Z","FB5C,FB5D,FB5E,FB5F,FB5G,FB5O,FB5P,FB5Q,FB5X,FB5Z"
720575940647341956,111,FAFB,right,"FB5C,FB5D,FB5E,FB5F,FB5G,FB5O,FB5P,FB5Q,FB5X,FB5Z","FB5C,FB5D,FB5E,FB5F,FB5G,FB5O,FB5P,FB5Q,FB5X,FB5Z"
720575940617155742,54,FAFB,left,"FB5C,FB5D,FB5E,FB5F,FB5G,FB5O,FB5P,FB5Q,FB5X,FB5Z","FB5C,FB5D,FB5E,FB5F,FB5G,FB5O,FB5P,FB5Q,FB5X,FB5Z"
720575940621050228,54,FAFB,right,"FB5C,FB5D,FB5E,FB5F,FB5G,FB5O,FB5P,FB5Q,FB5X,FB5Z","FB5C,FB5D,FB5E,FB5F,FB5G,FB5O,FB5P,FB5Q,FB5X,FB5Z"
720575940628967168,54,FAFB,right,"FB5C,FB5D,FB5E,FB5F,FB5G,FB5O,FB5P,FB5Q,FB5X,FB5Z","FB5C,FB5D,FB5E,FB5F,FB5G,FB5O,FB5P,FB5Q,FB5X,FB5Z"
720575940659184257,54,FAFB,right,"FB5C,FB5D,FB5E,FB5F,FB5G,FB5O,FB5P,FB5Q,FB5X,FB5Z","FB5C,FB5D,FB5E,FB5F,FB5G,FB5O,FB5P,FB5Q,FB5X,FB5Z"
720575940613746942,74,FAFB,left,"FB5C,FB5D,FB5E,FB5F,FB5G,FB5O,FB5P,FB5Q,FB5X,FB5Z","FB5C,FB5D,FB5E,FB5F,FB5G,FB5O,FB5P,FB5Q,FB5X,FB5Z"
720575940622841037,74,FAFB,right,"FB5C,FB5D,FB5E,FB5F,FB5G,FB5O,FB5P,FB5Q,FB5X,FB5Z","FB5C,FB5D,FB5E,FB5F,FB5G,FB5O,FB5P,FB5Q,FB5X,FB5Z"
720575940623539976,74,FAFB,left,"FB5C,FB5D,FB5E,FB5F,FB5G,FB5O,FB5P,FB5Q,FB5X,FB5Z","FB5C,FB5D,FB5E,FB5F,FB5G,FB5O,FB5P,FB5Q,FB5X,FB5Z"
720575940627109116,74,FAFB,right,"FB5C,FB5D,FB5E,FB5F,FB5G,FB5O,FB5P,FB5Q,FB5X,FB5Z","FB5C,FB5D,FB5E,FB5F,FB5G,FB5O,FB5P,FB5Q,FB5X,FB5Z"
720575940631119827,74,FAFB,left,"FB5C,FB5D,FB5E,FB5F,FB5G,FB5O,FB5P,FB5Q,FB5X,FB5Z","FB5C,FB5D,FB5E,FB5F,FB5G,FB5O,FB5P,FB5Q,FB5X,FB5Z"
720575940620267478,45,FAFB,left,"FB5C,FB5D,FB5E,FB5F,FB5G,FB5O,FB5P,FB5Q,FB5X,FB5Z","FB5C,FB5D,FB5E,FB5F,FB5G,FB5O,FB5P,FB5Q,FB5X,FB5Z"
720575940621216169,45,FAFB,left,"FB5C,FB5D,FB5E,FB5F,FB5G,FB5O,FB5P,FB5Q,FB5X,FB5Z","FB5C,FB5D,FB5E,FB5F,FB5G,FB5O,FB5P,FB5Q,FB5X,FB5Z"
720575940622941447,45,FAFB,right,"FB5C,FB5D,FB5E,FB5F,FB5G,FB5O,FB5P,FB5Q,FB5X,FB5Z","FB5C,FB5D,FB5E,FB5F,FB5G,FB5O,FB5P,FB5Q,FB5X,FB5Z"
720575940625415196,45,FAFB,left,"FB5C,FB5D,FB5E,FB5F,FB5G,FB5O,FB5P,FB5Q,FB5X,FB5Z","FB5C,FB5D,FB5E,FB5F,FB5G,FB5O,FB5P,FB5Q,FB5X,FB5Z"
720575940628940994,45,FAFB,right,"FB5C,FB5D,FB5E,FB5F,FB5G,FB5O,FB5P,FB5Q,FB5X,FB5Z","FB5C,FB5D,FB5E,FB5F,FB5G,FB5O,FB5P,FB5Q,FB5X,FB5Z"
720575940629342479,45,FAFB,right,"FB5C,FB5D,FB5E,FB5F,FB5G,FB5O,FB5P,FB5Q,FB5X,FB5Z","FB5C,FB5D,FB5E,FB5F,FB5G,FB5O,FB5P,FB5Q,FB5X,FB5Z"
720575940643921444,45,FAFB,right,"FB5C,FB5D,FB5E,FB5F,FB5G,FB5O,FB5P,FB5Q,FB5X,FB5Z","FB5C,FB5D,FB5E,FB5F,FB5G,FB5O,FB5P,FB5Q,FB5X,FB5Z"
720575940624323592,110,FAFB,right,,
720575940639924176,110,FAFB,left,,
720575940608548619,100,FAFB,left,,
720575940610287473,100,FAFB,right,FB5AA,FB5AA
720575940639702435,100,FAFB,left,FB5AA,FB5AA
720575940610908057,56,FAFB,left,,
720575940629909199,56,FAFB,right,FB6V,FB6V
720575940643323592,56,FAFB,right,,
720575940645273652,56,FAFB,right,"FB5C,FB5D,FB5E,FB5F,FB5G,FB5O,FB5P,FB5Q,FB5X,FB5Z","FB5C,FB5D,FB5E,FB5F,FB5G,FB5O,FB5P,FB5Q,FB5X,FB5Z"
720575940647258500,56,FAFB,left,FB6V,FB6V
720575940620223659,82,FAFB,left,FB6M,FB6M
720575940622132872,82,FAFB,left,FB6M,FB6M
720575940633173412,82,FAFB,right,FB6M,FB6M
720575940633173668,82,FAFB,right,FB6M,FB6M
720575940603731168,1,FAFB,left,,
720575940612286259,1,FAFB,right,,
720575940615506444,1,FAFB,left,,
720575940619259271,1,FAFB,left,,
720575940619584421,1,FAFB,left,,
720575940622461320,1,FAFB,right,,
720575940625750415,1,FAFB,right,,
720575940626658577,1,FAFB,right,,
720575940630748876,1,FAFB,right,,
720575940612053106,16,FAFB,left,,
720575940615897062,16,FAFB,left,,
720575940615929584,16,FAFB,left,,
720575940616973313,16,FAFB,right,"FB5R,FB5S,FB5U","FB5R,FB5S,FB5U"
720575940617343389,16,FAFB,right,,
720575940619111846,16,FAFB,left,,
720575940620156326,16,FAFB,right,,
720575940624065038,16,FAFB,right,,
720575940626375305,16,FAFB,left,"FB5R,FB5S,FB5U","FB5R,FB5S,FB5U"
720575940626793871,16,FAFB,left,"FB5R,FB5S,FB5U","FB5R,FB5S,FB5U"
720575940630849325,16,FAFB,right,,
720575940631911905,16,FAFB,right,FB6K,FB6K
720575940634909807,16,FAFB,left,,
720575940637455593,16,FAFB,right,,
720575940604499744,8,FAFB,left,"FB5R,FB5S,FB5U","FB5R,FB5S,FB5U"
720575940608702475,8,FAFB,right,"FB5R,FB5S,FB5U","FB5R,FB5S,FB5U"
720575940613605698,8,FAFB,left,"FB5R,FB5S,FB5U","FB5R,FB5S,FB5U"
720575940614546911,8,FAFB,left,"FB5R,FB5S,FB5U","FB5R,FB5S,FB5U"
720575940618317120,8,FAFB,left,"FB5R,FB5S,FB5U","FB5R,FB5S,FB5U"
720575940619598757,8,FAFB,right,"FB5R,FB5S,FB5U","FB5R,FB5S,FB5U"
720575940619972205,8,FAFB,right,,
720575940623325437,8,FAFB,right,"FB5R,FB5S,FB5U","FB5R,FB5S,FB5U"
720575940625144604,8,FAFB,right,"FB5R,FB5S,FB5U","FB5R,FB5S,FB5U"
720575940625968515,8,FAFB,left,"FB5R,FB5S,FB5U","FB5R,FB5S,FB5U"
720575940626469898,8,FAFB,right,"FB5R,FB5S,FB5U","FB5R,FB5S,FB5U"
720575940629552633,8,FAFB,left,"FB5R,FB5S,FB5U","FB5R,FB5S,FB5U"
720575940651558646,8,FAFB,left,"FB5R,FB5S,FB5U","FB5R,FB5S,FB5U"
720575940616819345,6,FAFB,left,FB4Z,FB4Z
720575940618745424,6,FAFB,right,FB4Z,FB4Z
720575940618995541,6,FAFB,left,FB4Z,FB4Z
720575940619322221,6,FAFB,left,FB4Z,FB4Z
720575940621355034,6,FAFB,right,FB4Z,FB4Z
720575940622610726,6,FAFB,left,FB4Z,FB4Z
720575940624172873,6,FAFB,right,FB4Z,FB4Z
720575940625520165,6,FAFB,right,,
720575940628386686,6,FAFB,left,FB4Z,FB4Z
720575940628386942,6,FAFB,left,FB4Z,FB4Z
720575940629187962,6,FAFB,right,"FB5R,FB5S,FB5U","FB5R,FB5S,FB5U"
720575940637066352,6,FAFB,right,FB4Z,FB4Z
720575940637804915,6,FAFB,left,FB4Z,FB4Z
720575940642860192,6,FAFB,right,FB4Z,FB4Z
720575940643153824,6,FAFB,left,FB4Z,FB4Z
720575940644492055,6,FAFB,left,FB4Z,FB4Z
720575940614799154,00468889,FAFB,left,FB3A,FB3A
720575940615155879,00468889,FAFB,right,FB3A,FB3A
720575940619622814,00468889,FAFB,left,FB3A,FB3A
720575940639861301,00468889,FAFB,right,FB3A,FB3A
720575940622760682,98,FAFB,right,FB4L,FB4L
720575940628287400,47,FAFB,left,,
720575940628762371,98,FAFB,left,FB4L,FB4L
720575940616932025,61c4c3c9,FAFB,left,FB4K,FB4K
720575940624773012,61c4c3c9,FAFB,left,,
720575940626078052,61c4c3c9,FAFB,left,,
720575940644188439,61c4c3c9,FAFB,right,FB4K,FB4K
720575940617387732,60,FAFB,left,"FB4A,FB4D,FB4E,FB4F,FB4G,FB4H,FB4I,FB4J","FB4A,FB4D,FB4E,FB4F,FB4G,FB4H,FB4I,FB4J"
720575940631449411,60,FAFB,right,"FB4A,FB4D,FB4E,FB4F,FB4G,FB4H,FB4I,FB4J","FB4A,FB4D,FB4E,FB4F,FB4G,FB4H,FB4I,FB4J"
720575940605754033,17,FAFB,left,"FB4A,FB4D,FB4E,FB4F,FB4G,FB4H,FB4I,FB4J","FB4A,FB4D,FB4E,FB4F,FB4G,FB4H,FB4I,FB4J"
720575940612599013,17,FAFB,right,"FB4A,FB4D,FB4E,FB4F,FB4G,FB4H,FB4I,FB4J","FB4A,FB4D,FB4E,FB4F,FB4G,FB4H,FB4I,FB4J"
720575940614020002,17,FAFB,right,"FB4A,FB4D,FB4E,FB4F,FB4G,FB4H,FB4I,FB4J","FB4A,FB4D,FB4E,FB4F,FB4G,FB4H,FB4I,FB4J"
720575940615921803,17,FAFB,right,"FB4A,FB4D,FB4E,FB4F,FB4G,FB4H,FB4I,FB4J","FB4A,FB4D,FB4E,FB4F,FB4G,FB4H,FB4I,FB4J"
720575940617232017,17,FAFB,left,"FB4A,FB4D,FB4E,FB4F,FB4G,FB4H,FB4I,FB4J","FB4A,FB4D,FB4E,FB4F,FB4G,FB4H,FB4I,FB4J"
720575940619707728,17,FAFB,left,"FB4A,FB4D,FB4E,FB4F,FB4G,FB4H,FB4I,FB4J","FB4A,FB4D,FB4E,FB4F,FB4G,FB4H,FB4I,FB4J"
720575940624560392,17,FAFB,right,"FB4A,FB4D,FB4E,FB4F,FB4G,FB4H,FB4I,FB4J","FB4A,FB4D,FB4E,FB4F,FB4G,FB4H,FB4I,FB4J"
720575940626355081,17,FAFB,left,"FB4A,FB4D,FB4E,FB4F,FB4G,FB4H,FB4I,FB4J","FB4A,FB4D,FB4E,FB4F,FB4G,FB4H,FB4I,FB4J"
720575940629750138,17,FAFB,right,"FB4A,FB4D,FB4E,FB4F,FB4G,FB4H,FB4I,FB4J","FB4A,FB4D,FB4E,FB4F,FB4G,FB4H,FB4I,FB4J"
720575940630696399,17,FAFB,left,"FB4A,FB4D,FB4E,FB4F,FB4G,FB4H,FB4I,FB4J","FB4A,FB4D,FB4E,FB4F,FB4G,FB4H,FB4I,FB4J"
720575940631729720,17,FAFB,left,"FB4A,FB4D,FB4E,FB4F,FB4G,FB4H,FB4I,FB4J","FB4A,FB4D,FB4E,FB4F,FB4G,FB4H,FB4I,FB4J"
720575940633057762,17,FAFB,left,"FB4A,FB4D,FB4E,FB4F,FB4G,FB4H,FB4I,FB4J","FB4A,FB4D,FB4E,FB4F,FB4G,FB4H,FB4I,FB4J"
720575940643745480,17,FAFB,left,"FB4A,FB4D,FB4E,FB4F,FB4G,FB4H,FB4I,FB4J","FB4A,FB4D,FB4E,FB4F,FB4G,FB4H,FB4I,FB4J"
720575940644047908,17,FAFB,right,"FB4A,FB4D,FB4E,FB4F,FB4G,FB4H,FB4I,FB4J","FB4A,FB4D,FB4E,FB4F,FB4G,FB4H,FB4I,FB4J"
720575940623018983,23,FAFB,right,"FB5J,FB5K,FB5L,FB5M,FB5N,FB5W","FB5J,FB5K,FB5L,FB5M,FB5N,FB5W"
720575940625636964,23,FAFB,right,"FB4A,FB4D,FB4E,FB4F,FB4G,FB4H,FB4I,FB4J","FB4A,FB4D,FB4E,FB4F,FB4G,FB4H,FB4I,FB4J"
720575940632344531,23,FAFB,right,"FB4A,FB4D,FB4E,FB4F,FB4G,FB4H,FB4I,FB4J","FB4A,FB4D,FB4E,FB4F,FB4G,FB4H,FB4I,FB4J"
720575940637354047,23,FAFB,left,"FB4A,FB4D,FB4E,FB4F,FB4G,FB4H,FB4I,FB4J","FB4A,FB4D,FB4E,FB4F,FB4G,FB4H,FB4I,FB4J"
720575940638013759,23,FAFB,right,"FB4A,FB4D,FB4E,FB4F,FB4G,FB4H,FB4I,FB4J","FB4A,FB4D,FB4E,FB4F,FB4G,FB4H,FB4I,FB4J"
720575940648742777,23,FAFB,left,"FB4A,FB4D,FB4E,FB4F,FB4G,FB4H,FB4I,FB4J","FB4A,FB4D,FB4E,FB4F,FB4G,FB4H,FB4I,FB4J"
720575940654697377,23,FAFB,left,"FB4A,FB4D,FB4E,FB4F,FB4G,FB4H,FB4I,FB4J","FB4A,FB4D,FB4E,FB4F,FB4G,FB4H,FB4I,FB4J"
720575940654856353,23,FAFB,left,"FB4A,FB4D,FB4E,FB4F,FB4G,FB4H,FB4I,FB4J","FB4A,FB4D,FB4E,FB4F,FB4G,FB4H,FB4I,FB4J"
720575940613655550,"116,72",FAFB,right,"FB5J,FB5K,FB5L,FB5M,FB5N,FB5W","FB5J,FB5K,FB5L,FB5M,FB5N,FB5W"
720575940614575327,"116,72",FAFB,right,,
720575940621750348,"116,72",FAFB,right,"FB5J,FB5K,FB5L,FB5M,FB5N,FB5W","FB5J,FB5K,FB5L,FB5M,FB5N,FB5W"
720575940623277547,"116,72",FAFB,left,"FB5J,FB5K,FB5L,FB5M,FB5N,FB5W","FB5J,FB5K,FB5L,FB5M,FB5N,FB5W"
720575940623693320,"116,72",FAFB,left,"FB4A,FB4D,FB4E,FB4F,FB4G,FB4H,FB4I,FB4J","FB4A,FB4D,FB4E,FB4F,FB4G,FB4H,FB4I,FB4J"
720575940633120151,"116,72",FAFB,left,"FB5J,FB5K,FB5L,FB5M,FB5N,FB5W","FB5J,FB5K,FB5L,FB5M,FB5N,FB5W"
720575940634488939,"116,72",FAFB,left,"FB5J,FB5K,FB5L,FB5M,FB5N,FB5W","FB5J,FB5K,FB5L,FB5M,FB5N,FB5W"
720575940649647225,"116,72",FAFB,left,"FB5J,FB5K,FB5L,FB5M,FB5N,FB5W","FB5J,FB5K,FB5L,FB5M,FB5N,FB5W"
720575940619057611,58,FAFB,left,,
720575940623861479,58,FAFB,left,,
720575940622366540,9a3c7e48,FAFB,right,,
720575940622599679,9a3c7e48,FAFB,left,,
720575940608328387,9a3c7e48,FAFB,right,,
720575940637053662,9a3c7e48,FAFB,left,,
720575940611284659,"114,96",FAFB,right,,
720575940617225565,"114,96",FAFB,left,,
720575940624730638,"114,96",FAFB,left,"FB5J,FB5K,FB5L,FB5M,FB5N,FB5W","FB5J,FB5K,FB5L,FB5M,FB5N,FB5W"
720575940628628987,"114,96",FAFB,left,,
720575940634280288,"114,96",FAFB,left,,
720575940638644558,"114,96",FAFB,right,,
720575940639322752,"114,96",FAFB,right,,
720575940621615231,85,FAFB,left,"FB5J,FB5K,FB5L,FB5M,FB5N,FB5W","FB5J,FB5K,FB5L,FB5M,FB5N,FB5W"
720575940631572305,85,FAFB,right,,
720575940611718885,101,FAFB,right,"FB5J,FB5K,FB5L,FB5M,FB5N,FB5W","FB5J,FB5K,FB5L,FB5M,FB5N,FB5W"
720575940612107762,101,FAFB,right,,
720575940631639972,101,FAFB,left,"FB5J,FB5K,FB5L,FB5M,FB5N,FB5W","FB5J,FB5K,FB5L,FB5M,FB5N,FB5W"
720575940631863583,101,FAFB,left,"FB5J,FB5K,FB5L,FB5M,FB5N,FB5W","FB5J,FB5K,FB5L,FB5M,FB5N,FB5W"
720575940605583136,29,FAFB,left,FB4Y,FB4Y
720575940613948834,29,FAFB,right,FB4Y,FB4Y
720575940619843311,29,FAFB,right,FB4Y,FB4Y
720575940621595888,29,FAFB,left,FB4Y,FB4Y
720575940623260201,29,FAFB,right,FB4Y,FB4Y
720575940634407520,29,FAFB,right,FB4Y,FB4Y
720575940608140380,0,FAFB,right,FB4M,FB4M
720575940623358099,0,FAFB,right,FB4M,FB4M
720575940623807672,0,FAFB,left,FB4M,FB4M
720575940640039040,0,FAFB,left,FB4M,FB4M
720575940612734066,83,FAFB,right,FB1H,FB1H
720575940628050950,83,FAFB,left,FB1H,FB1H
720575940615833055,112,FAFB,left,FB4C,FB4C
720575940629112579,112,FAFB,right,FB4C,FB4C
720575940608413705,67,FAFB,left,"FB4A,FB4D,FB4E,FB4F,FB4G,FB4H,FB4I,FB4J","FB4A,FB4D,FB4E,FB4F,FB4G,FB4H,FB4I,FB4J"
720575940614906251,67,FAFB,left,"FB4A,FB4D,FB4E,FB4F,FB4G,FB4H,FB4I,FB4J","FB4A,FB4D,FB4E,FB4F,FB4G,FB4H,FB4I,FB4J"
720575940620276400,67,FAFB,right,"FB4A,FB4D,FB4E,FB4F,FB4G,FB4H,FB4I,FB4J","FB4A,FB4D,FB4E,FB4F,FB4G,FB4H,FB4I,FB4J"
720575940624102670,67,FAFB,right,"FB4A,FB4D,FB4E,FB4F,FB4G,FB4H,FB4I,FB4J","FB4A,FB4D,FB4E,FB4F,FB4G,FB4H,FB4I,FB4J"
720575940634788600,67,FAFB,right,"FB4A,FB4D,FB4E,FB4F,FB4G,FB4H,FB4I,FB4J","FB4A,FB4D,FB4E,FB4F,FB4G,FB4H,FB4I,FB4J"
720575940605756081,76,FAFB,left,"FB4A,FB4D,FB4E,FB4F,FB4G,FB4H,FB4I,FB4J","FB4A,FB4D,FB4E,FB4F,FB4G,FB4H,FB4I,FB4J"
720575940614174018,76,FAFB,right,"FB4A,FB4D,FB4E,FB4F,FB4G,FB4H,FB4I,FB4J","FB4A,FB4D,FB4E,FB4F,FB4G,FB4H,FB4I,FB4J"
720575940658902401,76,FAFB,right,"FB5J,FB5K,FB5L,FB5M,FB5N,FB5W","FB5J,FB5K,FB5L,FB5M,FB5N,FB5W"
720575940605521842,25,FAFB,left,FB5V,FB5V
720575940608103619,25,FAFB,right,FB5V,FB5V
720575940613152175,25,FAFB,right,FB5V,FB5V
720575940613275311,25,FAFB,right,FB5V,FB5V
720575940620428225,25,FAFB,left,FB5V,FB5V
720575940621561588,25,FAFB,right,FB5V,FB5V
720575940622016169,25,FAFB,right,FB5V,FB5V
720575940622897917,25,FAFB,right,FB5V,FB5V
720575940623256757,25,FAFB,right,FB5V,FB5V
720575940627433288,25,FAFB,right,FB5V,FB5V
720575940627446090,25,FAFB,left,FB5V,FB5V
720575940627779560,25,FAFB,left,FB5V,FB5V
720575940627900871,25,FAFB,left,FB5V,FB5V
720575940628057862,25,FAFB,left,FB5V,FB5V
720575940628137222,25,FAFB,right,FB5V,FB5V
720575940628856514,25,FAFB,left,FB5V,FB5V
720575940630396235,25,FAFB,left,FB5V,FB5V
720575940632646189,25,FAFB,left,FB5V,FB5V
720575940637924324,25,FAFB,left,FB5V,FB5V
720575940644674851,25,FAFB,right,FB5V,FB5V
720575940606198473,64,FAFB,left,"FB4O,FB4P,FB4Q,FB4R","FB4O,FB4P,FB4Q,FB4R"
720575940620317564,64,FAFB,right,"FB4O,FB4P,FB4Q,FB4R","FB4O,FB4P,FB4Q,FB4R"
720575940625680784,64,FAFB,left,"FB4O,FB4P,FB4Q,FB4R","FB4O,FB4P,FB4Q,FB4R"
720575940627653502,64,FAFB,right,"FB4O,FB4P,FB4Q,FB4R","FB4O,FB4P,FB4Q,FB4R"
720575940610051733,40,FAFB,right,"FB4O,FB4P,FB4Q,FB4R","FB4O,FB4P,FB4Q,FB4R"
720575940619376577,40,FAFB,right,,
720575940620492373,40,FAFB,left,"FB4O,FB4P,FB4Q,FB4R","FB4O,FB4P,FB4Q,FB4R"
720575940625703824,40,FAFB,left,"FB4O,FB4P,FB4Q,FB4R","FB4O,FB4P,FB4Q,FB4R"
720575940627357969,40,FAFB,left,"FB4O,FB4P,FB4Q,FB4R","FB4O,FB4P,FB4Q,FB4R"
720575940629000603,40,FAFB,left,"FB4O,FB4P,FB4Q,FB4R","FB4O,FB4P,FB4Q,FB4R"
720575940619544779,19,FAFB,right,FB5A,FB5A
720575940625455247,19,FAFB,right,FB5A,FB5A
720575940628793982,19,FAFB,left,FB5A,FB5A
720575940637978421,19,FAFB,left,FB5A,FB5A
720575940621613508,105,FAFB,right,"FB5C,FB5D,FB5E,FB5F,FB5G,FB5O,FB5P,FB5Q,FB5X,FB5Z","FB5C,FB5D,FB5E,FB5F,FB5G,FB5O,FB5P,FB5Q,FB5X,FB5Z"
720575940622605320,105,FAFB,left,"FB5C,FB5D,FB5E,FB5F,FB5G,FB5O,FB5P,FB5Q,FB5X,FB5Z","FB5C,FB5D,FB5E,FB5F,FB5G,FB5O,FB5P,FB5Q,FB5X,FB5Z"
720575940604481760,24,FAFB,left,"FB4O,FB4P,FB4Q,FB4R","FB4O,FB4P,FB4Q,FB4R"
720575940610919778,24,FAFB,left,"FB5C,FB5D,FB5E,FB5F,FB5G,FB5O,FB5P,FB5Q,FB5X,FB5Z","FB5C,FB5D,FB5E,FB5F,FB5G,FB5O,FB5P,FB5Q,FB5X,FB5Z"
720575940619866759,24,FAFB,left,"FB4O,FB4P,FB4Q,FB4R","FB4O,FB4P,FB4Q,FB4R"
720575940624383892,24,FAFB,right,"FB4O,FB4P,FB4Q,FB4R","FB4O,FB4P,FB4Q,FB4R"
720575940634145436,24,FAFB,right,"FB4O,FB4P,FB4Q,FB4R","FB4O,FB4P,FB4Q,FB4R"
720575940618295376,34,FAFB,right,"FB4O,FB4P,FB4Q,FB4R","FB4O,FB4P,FB4Q,FB4R"
720575940625617234,34,FAFB,left,,
720575940626196732,34,FAFB,right,"FB4O,FB4P,FB4Q,FB4R","FB4O,FB4P,FB4Q,FB4R"
720575940626316606,34,FAFB,right,"FB4O,FB4P,FB4Q,FB4R","FB4O,FB4P,FB4Q,FB4R"
720575940626983400,34,FAFB,right,"FB4O,FB4P,FB4Q,FB4R","FB4O,FB4P,FB4Q,FB4R"
720575940627038792,34,FAFB,right,"FB4O,FB4P,FB4Q,FB4R","FB4O,FB4P,FB4Q,FB4R"
720575940632862177,34,FAFB,left,"FB4O,FB4P,FB4Q,FB4R","FB4O,FB4P,FB4Q,FB4R"
720575940618374558,41,FAFB,right,"FB4O,FB4P,FB4Q,FB4R","FB4O,FB4P,FB4Q,FB4R"
720575940619338064,41,FAFB,left,"FB4O,FB4P,FB4Q,FB4R","FB4O,FB4P,FB4Q,FB4R"
720575940621612582,41,FAFB,right,"FB4O,FB4P,FB4Q,FB4R","FB4O,FB4P,FB4Q,FB4R"
720575940626973821,41,FAFB,left,"FB5C,FB5D,FB5E,FB5F,FB5G,FB5O,FB5P,FB5Q,FB5X,FB5Z","FB5C,FB5D,FB5E,FB5F,FB5G,FB5O,FB5P,FB5Q,FB5X,FB5Z"
720575940629907052,41,FAFB,left,"FB4O,FB4P,FB4Q,FB4R","FB4O,FB4P,FB4Q,FB4R"
720575940609777476,93,FAFB,right,"FB5C,FB5D,FB5E,FB5F,FB5G,FB5O,FB5P,FB5Q,FB5X,FB5Z","FB5C,FB5D,FB5E,FB5F,FB5G,FB5O,FB5P,FB5Q,FB5X,FB5Z"
720575940620760429,93,FAFB,right,"FB4O,FB4P,FB4Q,FB4R","FB4O,FB4P,FB4Q,FB4R"
720575940621176564,93,FAFB,left,"FB5C,FB5D,FB5E,FB5F,FB5G,FB5O,FB5P,FB5Q,FB5X,FB5Z","FB5C,FB5D,FB5E,FB5F,FB5G,FB5O,FB5P,FB5Q,FB5X,FB5Z"
720575940627557909,93,FAFB,left,"FB5C,FB5D,FB5E,FB5F,FB5G,FB5O,FB5P,FB5Q,FB5X,FB5Z","FB5C,FB5D,FB5E,FB5F,FB5G,FB5O,FB5P,FB5Q,FB5X,FB5Z"
720575940631398308,93,FAFB,right,"FB5C,FB5D,FB5E,FB5F,FB5G,FB5O,FB5P,FB5Q,FB5X,FB5Z","FB5C,FB5D,FB5E,FB5F,FB5G,FB5O,FB5P,FB5Q,FB5X,FB5Z"
720575940612772077,39,FAFB,right,"FB5C,FB5D,FB5E,FB5F,FB5G,FB5O,FB5P,FB5Q,FB5X,FB5Z","FB5C,FB5D,FB5E,FB5F,FB5G,FB5O,FB5P,FB5Q,FB5X,FB5Z"
720575940616199892,39,FAFB,right,"FB5C,FB5D,FB5E,FB5F,FB5G,FB5O,FB5P,FB5Q,FB5X,FB5Z","FB5C,FB5D,FB5E,FB5F,FB5G,FB5O,FB5P,FB5Q,FB5X,FB5Z"
720575940622523101,39,FAFB,left,"FB5C,FB5D,FB5E,FB5F,FB5G,FB5O,FB5P,FB5Q,FB5X,FB5Z","FB5C,FB5D,FB5E,FB5F,FB5G,FB5O,FB5P,FB5Q,FB5X,FB5Z"
720575940627425276,39,FAFB,right,"FB5C,FB5D,FB5E,FB5F,FB5G,FB5O,FB5P,FB5Q,FB5X,FB5Z","FB5C,FB5D,FB5E,FB5F,FB5G,FB5O,FB5P,FB5Q,FB5X,FB5Z"
720575940643177495,39,FAFB,left,"FB5C,FB5D,FB5E,FB5F,FB5G,FB5O,FB5P,FB5Q,FB5X,FB5Z","FB5C,FB5D,FB5E,FB5F,FB5G,FB5O,FB5P,FB5Q,FB5X,FB5Z"
720575940613200559,80,FAFB,right,"FB5C,FB5D,FB5E,FB5F,FB5G,FB5O,FB5P,FB5Q,FB5X,FB5Z","FB5C,FB5D,FB5E,FB5F,FB5G,FB5O,FB5P,FB5Q,FB5X,FB5Z"
720575940625439690,80,FAFB,left,"FB5C,FB5D,FB5E,FB5F,FB5G,FB5O,FB5P,FB5Q,FB5X,FB5Z","FB5C,FB5D,FB5E,FB5F,FB5G,FB5O,FB5P,FB5Q,FB5X,FB5Z"
720575940627424199,80,FAFB,left,"FB5C,FB5D,FB5E,FB5F,FB5G,FB5O,FB5P,FB5Q,FB5X,FB5Z","FB5C,FB5D,FB5E,FB5F,FB5G,FB5O,FB5P,FB5Q,FB5X,FB5Z"
720575940629615417,80,FAFB,left,"FB5C,FB5D,FB5E,FB5F,FB5G,FB5O,FB5P,FB5Q,FB5X,FB5Z","FB5C,FB5D,FB5E,FB5F,FB5G,FB5O,FB5P,FB5Q,FB5X,FB5Z"
720575940621355132,106,FAFB,left,"FB5C,FB5D,FB5E,FB5F,FB5G,FB5O,FB5P,FB5Q,FB5X,FB5Z","FB5C,FB5D,FB5E,FB5F,FB5G,FB5O,FB5P,FB5Q,FB5X,FB5Z"
720575940625796133,106,FAFB,right,"FB5C,FB5D,FB5E,FB5F,FB5G,FB5O,FB5P,FB5Q,FB5X,FB5Z","FB5C,FB5D,FB5E,FB5F,FB5G,FB5O,FB5P,FB5Q,FB5X,FB5Z"
720575940615285919,102,FAFB,left,"FB5C,FB5D,FB5E,FB5F,FB5G,FB5O,FB5P,FB5Q,FB5X,FB5Z","FB5C,FB5D,FB5E,FB5F,FB5G,FB5O,FB5P,FB5Q,FB5X,FB5Z"
720575940627082500,102,FAFB,right,"FB5C,FB5D,FB5E,FB5F,FB5G,FB5O,FB5P,FB5Q,FB5X,FB5Z","FB5C,FB5D,FB5E,FB5F,FB5G,FB5O,FB5P,FB5Q,FB5X,FB5Z"
720575940616752852,73,FAFB,left,,
720575940627768698,73,FAFB,right,,
720575940613550495,58,FAFB,right,,
720575940619175760,58,FAFB,right,,
720575940620327412,58,FAFB,left,,
720575940630671953,58,FAFB,right,,
720575940608434883,71,FAFB,left,SAF,SAF
720575940614038751,71,FAFB,right,SAF,SAF
720575940614337130,71,FAFB,right,SAF,SAF
720575940621977046,71,FAFB,right,SAF,SAF
720575940623164856,71,FAFB,right,SAF,SAF
720575940632223132,71,FAFB,left,SAF,SAF
720575940634062328,71,FAFB,left,SAF,SAF
720575940658708097,71,FAFB,left,SAF,SAF
720575940607938517,97,FAFB,left,,
720575940616922395,97,FAFB,left,,
720575940618590923,97,FAFB,right,,
720575940625649726,97,FAFB,right,,
720575940631344441,97,FAFB,right,,
720575940631625953,97,FAFB,left,,
720575940635871460,97,FAFB,left,,
720575940639177560,97,FAFB,right,,
720575940651290358,97,FAFB,right,,
720575940615706966,84,FAFB,right,,
720575940629229586,84,FAFB,left,,
720575940634772671,84,FAFB,left,,
720575940628164140,78,FAFB,right,,
720575940630539335,78,FAFB,left,,
720575940631638073,78,FAFB,right,,
720575940612922339,108,FAFB,right,,
720575940636129758,108,FAFB,left,,
720575940609427246,12,FAFB,left,,
720575940612330154,12,FAFB,left,,
720575940614026449,12,FAFB,left,,
720575940616545793,12,FAFB,right,,
720575940616824118,12,FAFB,right,,
720575940613902954,77,FAFB,left,,
720575940620494708,77,FAFB,left,,
720575940621369694,77,FAFB,left,,
720575940631282247,77,FAFB,right,,
720575940613916310,91,FAFB,left,,
720575940619469147,91,FAFB,right,,
720575940625604098,91,FAFB,left,,
720575940627097862,91,FAFB,right,,
720575940618195510,115,FAFB,left,"FB4A,FB4D,FB4E,FB4F,FB4G,FB4H,FB4I,FB4J","FB4A,FB4D,FB4E,FB4F,FB4G,FB4H,FB4I,FB4J"
720575940631200312,115,FAFB,right,,
720575940625599376,103,FAFB,left,FB4B,FB4B
720575940636950190,103,FAFB,right,FB4B,FB4B
720575940607864841,10,FAFB,right,,
720575940610649050,10,FAFB,left,,
720575940628585978,10,FAFB,right,,
720575940631255656,10,FAFB,right,FB3E,FB3E
720575940634270911,10,FAFB,left,,
720575940637141338,10,FAFB,right,,
720575940641306765,10,FAFB,left,FB3E,FB3E
720575940651214582,10,FAFB,left,,
720575940605124482,11,FAFB,right,,
720575940609648942,11,FAFB,left,,
720575940610306146,11,FAFB,left,,
720575940620760700,11,FAFB,right,,
720575940630404655,11,FAFB,left,,
720575940646707076,11,FAFB,left,,
720575940608312924,98,FAFB,right,FB4L,FB4L
720575940616616331,98,FAFB,left,FB4L,FB4L
720575940622244991,47,FAFB,left,FB1C,FB1C
720575940630746309,47,FAFB,right,FB1C,FB1C
720575940636065972,47,FAFB,right,FB1C,FB1C
720575940611388565,15,FAFB,right,FB2A,FB2A
720575940614355167,15,FAFB,left,,
720575940625875402,15,FAFB,right,FB2A,FB2A
720575940628705271,15,FAFB,left,FB2A,FB2A
720575940636924479,15,FAFB,left,FB2A,FB2A
720575940640002256,15,FAFB,right,FB2A,FB2A
720575940619067374,69,FAFB,right,FB2B,FB2B
720575940620919646,69,FAFB,left,FB2B,FB2B
720575940636938212,69,FAFB,left,FB2B,FB2B
720575940616377659,14,FAFB,right,FB2B,FB2B
720575940619200960,14,FAFB,left,FB2B,FB2B
720575940625142936,14,FAFB,right,FB2B,FB2B
720575940630179781,14,FAFB,left,FB2B,FB2B
720575940620346795,36,FAFB,left,FB1G,FB1G
720575940625649214,36,FAFB,right,FB1G,FB1G
720575940605104049,62,FAFB,left,,
720575940613934545,62,FAFB,right,,
720575940621490968,62,FAFB,left,,
720575940633289442,62,FAFB,right,,
720575940616005009,18,FAFB,right,,
720575940627965187,18,FAFB,left,,
720575940628382203,18,FAFB,left,,
720575940629699781,18,FAFB,left,,
720575940630057258,18,FAFB,right,,
720575940631477677,18,FAFB,right,,
720575940633515420,18,FAFB,right,,
720575940634066424,18,FAFB,right,,
720575940634221935,18,FAFB,right,,
720575940610440371,43,FAFB,left,,
720575940612599533,43,FAFB,left,,
720575940612694568,43,FAFB,left,,
720575940616440537,43,FAFB,right,,
720575940624012350,43,FAFB,right,,
720575940627212806,43,FAFB,right,,
720575940643334600,43,FAFB,left,,
720575940608480836,42,FAFB,left,,
720575940612615917,42,FAFB,right,,
720575940612821997,42,FAFB,left,,
720575940625301604,42,FAFB,right,,
720575940635992718,42,FAFB,left,,
720575940639065472,42,FAFB,right,,
720575940608207317,27,FAFB,right,,
720575940609558136,27,FAFB,left,,
720575940622422711,27,FAFB,left,,
720575940627284746,27,FAFB,right,,
720575940644870167,27,FAFB,left,,
720575940613927530,57,FAFB,left,,
720575940637224937,57,FAFB,right,,
720575940637703750,57,FAFB,right,,
720575940643829284,57,FAFB,left,,
720575940613704615,26,FAFB,left,,
720575940628523819,26,FAFB,left,,
720575940630819599,26,FAFB,right,,
720575940630941783,26,FAFB,left,,
720575940636841840,26,FAFB,right,,
720575940603197408,50,FAFB,left,,
720575940613505703,50,FAFB,right,,
720575940619100180,50,FAFB,left,,
720575940604444081,"13,44,46",FAFB,left,,
720575940605554354,"13,44,46",FAFB,right,,
720575940613503697,"13,44,46",FAFB,left,,
720575940614638011,"13,44,46",FAFB,left,,
720575940615748025,"13,44,46",FAFB,right,,
720575940616983862,"13,44,46",FAFB,right,,
720575940619718209,"13,44,46",FAFB,right,,
720575940620657243,"13,44,46",FAFB,left,,
720575940621730440,"13,44,46",FAFB,right,,
720575940627798654,"13,44,46",FAFB,right,,
720575940628144254,"13,44,46",FAFB,right,,
720575940635038309,"13,44,46",FAFB,left,,
720575940609913646,53,FAFB,right,,
720575940612689645,53,FAFB,left,,
720575940613803170,53,FAFB,left,,
720575940624306494,53,FAFB,right,,
720575940606483657,4,FAFB,right,,
720575940611904997,4,FAFB,right,,
720575940619668206,4,FAFB,left,,
720575940621846783,4,FAFB,left,,
720575940637824189,4,FAFB,left,,
720575940646135940,4,FAFB,right,,